customer_id,segment,region,tenure_months,is_new_customer
1,Consumer,Macau Peninsula,70,False
2,Consumer,Taipa,27,False
3,Consumer,Macau Peninsula,110,False
4,Consumer,Macau Peninsula,110,True
5,Consumer,Coloane,17,False
6,Consumer,Macau Peninsula,21,True
7,Business,Macau Peninsula,100,False
8,Consumer,Macau Peninsula,31,False
9,Consumer,Taipa,102,False
10,Consumer,Macau Peninsula,33,False
11,Consumer,Macau Peninsula,99,True
12,Consumer,Macau Peninsula,49,True
13,Business,Macau Peninsula,50,False
14,Consumer,Macau Peninsula,32,False
15,Business,Macau Peninsula,120,False
16,Consumer,Macau Peninsula,105,False
17,Consumer,Taipa,11,False
18,Consumer,Taipa,52,False
19,Consumer,Taipa,86,False
20,Consumer,Macau Peninsula,35,True
21,Consumer,Taipa,63,False
22,Consumer,Taipa,102,False
23,Consumer,Macau Peninsula,37,False
24,Consumer,Other,107,False
25,Consumer,Macau Peninsula,69,False
26,Business,Taipa,47,False
27,Consumer,Macau Peninsula,62,False
28,Consumer,Macau Peninsula,80,False
29,Business,Taipa,95,False
30,Business,Macau Peninsula,118,False
31,Business,Macau Peninsula,118,True
32,Consumer,Taipa,105,True
33,Consumer,Macau Peninsula,30,False
34,Consumer,Other,55,False
35,Business,Taipa,67,True
36,Consumer,Macau Peninsula,76,False
37,Consumer,Coloane,83,True
38,Consumer,Taipa,71,False
39,Consumer,Coloane,83,False
40,Consumer,Taipa,69,False
41,Consumer,Macau Peninsula,40,False
42,Consumer,Taipa,87,False
43,Consumer,Macau Peninsula,80,True
44,Consumer,Macau Peninsula,68,False
45,Consumer,Taipa,110,False
46,Consumer,Macau Peninsula,17,False
47,Consumer,Taipa,67,True
48,Consumer,Coloane,19,False
49,Consumer,Taipa,70,False
50,Consumer,Coloane,20,True
51,Consumer,Taipa,49,False
52,Consumer,Taipa,30,False
53,Consumer,Macau Peninsula,12,False
54,Consumer,Macau Peninsula,82,True
55,Consumer,Macau Peninsula,110,False
56,Consumer,Taipa,38,False
57,Consumer,Macau Peninsula,107,False
58,Consumer,Macau Peninsula,29,True
59,Business,Taipa,75,False
60,Consumer,Macau Peninsula,44,False
61,Consumer,Macau Peninsula,58,True
62,Business,Macau Peninsula,41,False
63,Business,Taipa,11,False
64,Consumer,Macau Peninsula,62,False
65,Business,Macau Peninsula,21,True
66,Consumer,Taipa,118,True
67,Business,Other,89,False
68,Business,Taipa,81,True
69,Business,Coloane,25,False
70,Consumer,Coloane,88,True
71,Consumer,Other,89,False
72,Business,Taipa,92,False
73,Consumer,Macau Peninsula,31,False
74,Consumer,Taipa,48,False
75,Consumer,Macau Peninsula,7,False
76,Consumer,Other,97,True
77,Consumer,Coloane,104,False
78,Consumer,Macau Peninsula,73,True
79,Consumer,Taipa,27,False
80,Consumer,Coloane,71,False
81,Business,Taipa,28,False
82,Consumer,Other,99,False
83,Consumer,Taipa,107,False
84,Consumer,Taipa,69,True
85,Business,Taipa,1,True
86,Consumer,Taipa,58,False
87,Business,Other,90,False
88,Consumer,Macau Peninsula,40,False
89,Consumer,Taipa,65,False
90,Consumer,Macau Peninsula,51,True
91,Consumer,Macau Peninsula,58,False
92,Consumer,Macau Peninsula,23,False
93,Business,Macau Peninsula,119,False
94,Consumer,Coloane,101,False
95,Consumer,Macau Peninsula,111,False
96,Consumer,Macau Peninsula,104,False
97,Consumer,Other,13,False
98,Consumer,Coloane,85,False
99,Consumer,Macau Peninsula,93,True
100,Consumer,Taipa,2,False
101,Consumer,Macau Peninsula,26,False
102,Consumer,Macau Peninsula,20,False
103,Consumer,Taipa,19,False
104,Consumer,Macau Peninsula,108,False
105,Consumer,Macau Peninsula,26,False
106,Business,Taipa,97,False
107,Consumer,Macau Peninsula,107,False
108,Consumer,Taipa,83,False
109,Consumer,Macau Peninsula,62,True
110,Consumer,Macau Peninsula,75,False
111,Consumer,Macau Peninsula,49,False
112,Consumer,Taipa,110,False
113,Consumer,Macau Peninsula,54,False
114,Business,Macau Peninsula,70,False
115,Consumer,Macau Peninsula,114,False
116,Business,Macau Peninsula,50,False
117,Consumer,Macau Peninsula,106,True
118,Consumer,Macau Peninsula,57,False
119,Consumer,Other,64,False
120,Consumer,Macau Peninsula,38,True
121,Consumer,Taipa,24,False
122,Business,Macau Peninsula,74,False
123,Consumer,Macau Peninsula,83,False
124,Business,Macau Peninsula,49,True
125,Consumer,Taipa,9,False
126,Consumer,Coloane,37,False
127,Consumer,Macau Peninsula,3,True
128,Consumer,Macau Peninsula,68,False
129,Consumer,Macau Peninsula,91,False
130,Consumer,Macau Peninsula,21,True
131,Consumer,Macau Peninsula,21,False
132,Consumer,Other,120,False
133,Consumer,Macau Peninsula,47,False
134,Consumer,Other,62,False
135,Consumer,Taipa,27,False
136,Business,Macau Peninsula,63,False
137,Business,Coloane,96,False
138,Consumer,Macau Peninsula,109,False
139,Consumer,Macau Peninsula,106,True
140,Consumer,Taipa,60,False
141,Consumer,Macau Peninsula,98,False
142,Consumer,Macau Peninsula,39,True
143,Consumer,Macau Peninsula,26,True
144,Business,Coloane,64,False
145,Consumer,Taipa,36,True
146,Consumer,Macau Peninsula,57,False
147,Business,Coloane,17,False
148,Business,Other,103,True
149,Consumer,Macau Peninsula,97,False
150,Consumer,Other,62,False
151,Consumer,Other,84,True
152,Consumer,Macau Peninsula,97,False
153,Consumer,Other,84,False
154,Consumer,Macau Peninsula,94,False
155,Consumer,Taipa,113,False
156,Consumer,Macau Peninsula,76,True
157,Consumer,Taipa,119,False
158,Business,Other,106,False
159,Consumer,Taipa,43,False
160,Business,Macau Peninsula,113,True
161,Consumer,Macau Peninsula,21,False
162,Consumer,Macau Peninsula,68,False
163,Consumer,Taipa,79,False
164,Consumer,Taipa,96,True
165,Consumer,Macau Peninsula,8,False
166,Consumer,Macau Peninsula,68,False
167,Business,Macau Peninsula,60,False
168,Consumer,Taipa,72,False
169,Consumer,Macau Peninsula,37,True
170,Consumer,Macau Peninsula,82,True
171,Business,Macau Peninsula,99,True
172,Consumer,Taipa,14,False
173,Consumer,Other,17,False
174,Consumer,Other,42,False
175,Business,Macau Peninsula,95,True
176,Business,Taipa,13,False
177,Consumer,Taipa,72,False
178,Consumer,Taipa,82,True
179,Consumer,Macau Peninsula,21,True
180,Consumer,Macau Peninsula,19,False
181,Consumer,Other,89,True
182,Consumer,Macau Peninsula,10,False
183,Consumer,Macau Peninsula,43,False
184,Consumer,Macau Peninsula,96,False
185,Consumer,Macau Peninsula,78,False
186,Consumer,Macau Peninsula,49,True
187,Consumer,Coloane,40,False
188,Business,Macau Peninsula,31,False
189,Consumer,Taipa,110,False
190,Consumer,Coloane,6,True
191,Consumer,Macau Peninsula,116,False
192,Consumer,Coloane,45,False
193,Consumer,Macau Peninsula,108,False
194,Consumer,Taipa,120,False
195,Consumer,Macau Peninsula,102,False
196,Consumer,Macau Peninsula,89,True
197,Consumer,Macau Peninsula,120,True
198,Consumer,Macau Peninsula,28,False
199,Consumer,Other,60,False
200,Consumer,Macau Peninsula,97,False
201,Consumer,Taipa,118,False
202,Consumer,Coloane,25,False
203,Consumer,Taipa,38,False
204,Consumer,Taipa,37,False
205,Consumer,Taipa,25,False
206,Consumer,Macau Peninsula,100,False
207,Consumer,Taipa,14,False
208,Business,Taipa,111,False
209,Consumer,Macau Peninsula,98,True
210,Business,Other,31,False
211,Consumer,Macau Peninsula,32,False
212,Consumer,Macau Peninsula,116,False
213,Consumer,Taipa,99,False
214,Business,Macau Peninsula,45,True
215,Consumer,Macau Peninsula,27,False
216,Consumer,Macau Peninsula,47,False
217,Consumer,Taipa,95,False
218,Consumer,Coloane,60,True
219,Consumer,Taipa,69,False
220,Consumer,Macau Peninsula,6,False
221,Business,Taipa,69,False
222,Consumer,Taipa,70,False
223,Consumer,Macau Peninsula,83,False
224,Consumer,Macau Peninsula,36,True
225,Consumer,Macau Peninsula,61,True
226,Consumer,Taipa,57,False
227,Consumer,Macau Peninsula,94,False
228,Consumer,Coloane,31,False
229,Consumer,Other,99,False
230,Consumer,Other,87,True
231,Business,Macau Peninsula,78,False
232,Consumer,Macau Peninsula,25,False
233,Consumer,Macau Peninsula,70,False
234,Consumer,Macau Peninsula,50,True
235,Consumer,Macau Peninsula,89,False
236,Business,Taipa,43,True
237,Consumer,Macau Peninsula,74,True
238,Consumer,Other,59,True
239,Business,Macau Peninsula,19,False
240,Business,Macau Peninsula,79,False
241,Consumer,Taipa,43,True
242,Business,Macau Peninsula,101,False
243,Consumer,Taipa,86,False
244,Consumer,Macau Peninsula,80,True
245,Consumer,Macau Peninsula,31,False
246,Business,Macau Peninsula,9,False
247,Consumer,Coloane,5,False
248,Consumer,Macau Peninsula,5,False
249,Consumer,Coloane,41,False
250,Business,Macau Peninsula,30,False
251,Consumer,Taipa,71,False
252,Consumer,Coloane,35,False
253,Consumer,Macau Peninsula,3,False
254,Consumer,Taipa,9,False
255,Consumer,Macau Peninsula,9,False
256,Consumer,Macau Peninsula,18,False
257,Consumer,Macau Peninsula,20,True
258,Consumer,Taipa,32,True
259,Business,Coloane,49,False
260,Consumer,Coloane,15,False
261,Consumer,Coloane,57,True
262,Consumer,Macau Peninsula,70,False
263,Consumer,Taipa,120,False
264,Consumer,Coloane,60,False
265,Consumer,Other,91,False
266,Consumer,Taipa,56,False
267,Consumer,Macau Peninsula,81,False
268,Business,Macau Peninsula,20,False
269,Business,Coloane,70,True
270,Consumer,Macau Peninsula,110,False
271,Consumer,Taipa,15,False
272,Consumer,Macau Peninsula,105,False
273,Consumer,Macau Peninsula,65,False
274,Consumer,Macau Peninsula,110,False
275,Consumer,Taipa,55,False
276,Consumer,Macau Peninsula,82,False
277,Consumer,Taipa,78,True
278,Consumer,Macau Peninsula,33,False
279,Business,Macau Peninsula,37,True
280,Consumer,Macau Peninsula,58,False
281,Consumer,Taipa,48,True
282,Business,Macau Peninsula,5,False
283,Consumer,Other,116,False
284,Consumer,Other,119,False
285,Consumer,Macau Peninsula,90,False
286,Consumer,Macau Peninsula,109,False
287,Consumer,Macau Peninsula,9,True
288,Consumer,Macau Peninsula,51,True
289,Business,Macau Peninsula,51,False
290,Consumer,Macau Peninsula,110,False
291,Consumer,Other,104,True
292,Business,Macau Peninsula,16,False
293,Consumer,Macau Peninsula,110,False
294,Consumer,Taipa,67,False
295,Consumer,Macau Peninsula,1,True
296,Consumer,Macau Peninsula,5,False
297,Consumer,Macau Peninsula,114,True
298,Consumer,Macau Peninsula,64,True
299,Consumer,Macau Peninsula,102,False
300,Business,Macau Peninsula,27,False
301,Consumer,Taipa,90,False
302,Consumer,Macau Peninsula,8,False
303,Consumer,Taipa,110,False
304,Business,Macau Peninsula,40,False
305,Business,Taipa,33,False
306,Consumer,Taipa,82,False
307,Business,Coloane,119,True
308,Consumer,Taipa,118,False
309,Consumer,Taipa,82,True
310,Business,Macau Peninsula,64,False
311,Business,Other,31,False
312,Consumer,Macau Peninsula,116,True
313,Consumer,Macau Peninsula,89,False
314,Consumer,Taipa,83,False
315,Consumer,Macau Peninsula,45,False
316,Consumer,Macau Peninsula,3,False
317,Consumer,Macau Peninsula,25,False
318,Consumer,Macau Peninsula,91,False
319,Consumer,Macau Peninsula,112,False
320,Consumer,Taipa,16,False
321,Consumer,Taipa,30,True
322,Consumer,Macau Peninsula,4,False
323,Consumer,Other,51,False
324,Business,Macau Peninsula,117,False
325,Consumer,Macau Peninsula,118,False
326,Consumer,Macau Peninsula,52,False
327,Consumer,Coloane,36,False
328,Business,Taipa,83,False
329,Consumer,Macau Peninsula,66,True
330,Consumer,Macau Peninsula,67,False
331,Consumer,Macau Peninsula,22,False
332,Business,Macau Peninsula,80,False
333,Consumer,Macau Peninsula,37,True
334,Consumer,Other,20,False
335,Consumer,Taipa,14,False
336,Consumer,Other,24,False
337,Consumer,Coloane,52,False
338,Consumer,Taipa,100,True
339,Business,Other,8,False
340,Consumer,Taipa,16,False
341,Business,Macau Peninsula,86,False
342,Consumer,Taipa,60,False
343,Business,Macau Peninsula,43,False
344,Consumer,Macau Peninsula,9,True
345,Consumer,Taipa,5,False
346,Consumer,Macau Peninsula,39,False
347,Consumer,Other,33,False
348,Consumer,Macau Peninsula,33,False
349,Consumer,Other,68,False
350,Consumer,Macau Peninsula,110,True
351,Consumer,Macau Peninsula,104,False
352,Business,Macau Peninsula,68,False
353,Consumer,Other,115,False
354,Consumer,Macau Peninsula,71,False
355,Consumer,Taipa,119,False
356,Consumer,Coloane,44,True
357,Consumer,Macau Peninsula,106,False
358,Consumer,Macau Peninsula,103,True
359,Consumer,Macau Peninsula,108,False
360,Consumer,Taipa,82,False
361,Consumer,Coloane,34,True
362,Consumer,Macau Peninsula,2,False
363,Consumer,Macau Peninsula,47,False
364,Consumer,Taipa,48,True
365,Consumer,Macau Peninsula,26,False
366,Consumer,Other,52,False
367,Business,Macau Peninsula,40,False
368,Consumer,Macau Peninsula,108,False
369,Consumer,Taipa,68,False
370,Consumer,Other,32,False
371,Business,Macau Peninsula,46,False
372,Consumer,Macau Peninsula,17,False
373,Consumer,Macau Peninsula,74,False
374,Consumer,Macau Peninsula,69,False
375,Consumer,Macau Peninsula,41,False
376,Consumer,Taipa,23,False
377,Consumer,Macau Peninsula,51,False
378,Consumer,Macau Peninsula,51,True
379,Consumer,Other,90,False
380,Consumer,Taipa,64,False
381,Consumer,Taipa,57,False
382,Consumer,Macau Peninsula,82,False
383,Consumer,Macau Peninsula,86,False
384,Consumer,Macau Peninsula,53,True
385,Business,Macau Peninsula,35,False
386,Business,Coloane,73,False
387,Business,Taipa,106,True
388,Consumer,Taipa,10,False
389,Consumer,Other,87,False
390,Consumer,Macau Peninsula,110,False
391,Business,Taipa,4,False
392,Business,Macau Peninsula,111,False
393,Consumer,Macau Peninsula,101,False
394,Consumer,Coloane,80,False
395,Consumer,Taipa,15,False
396,Consumer,Macau Peninsula,84,False
397,Consumer,Taipa,86,False
398,Business,Taipa,22,False
399,Consumer,Macau Peninsula,45,False
400,Consumer,Macau Peninsula,81,False
401,Business,Macau Peninsula,65,False
402,Business,Taipa,56,False
403,Business,Other,40,True
404,Consumer,Macau Peninsula,91,False
405,Consumer,Taipa,50,False
406,Consumer,Other,104,False
407,Consumer,Taipa,28,False
408,Consumer,Macau Peninsula,54,True
409,Business,Macau Peninsula,103,False
410,Consumer,Coloane,54,False
411,Consumer,Macau Peninsula,45,False
412,Business,Macau Peninsula,18,True
413,Consumer,Macau Peninsula,66,False
414,Consumer,Macau Peninsula,99,False
415,Consumer,Other,50,False
416,Business,Coloane,13,False
417,Consumer,Taipa,114,False
418,Consumer,Macau Peninsula,55,False
419,Consumer,Coloane,35,False
420,Consumer,Macau Peninsula,58,False
421,Business,Other,73,True
422,Consumer,Coloane,70,True
423,Consumer,Macau Peninsula,92,False
424,Consumer,Macau Peninsula,101,False
425,Consumer,Taipa,104,False
426,Consumer,Macau Peninsula,53,True
427,Consumer,Macau Peninsula,23,False
428,Consumer,Taipa,93,False
429,Consumer,Macau Peninsula,7,False
430,Consumer,Macau Peninsula,5,False
431,Consumer,Macau Peninsula,2,False
432,Consumer,Macau Peninsula,99,False
433,Consumer,Macau Peninsula,91,False
434,Consumer,Coloane,7,False
435,Consumer,Macau Peninsula,8,False
436,Consumer,Taipa,37,False
437,Consumer,Macau Peninsula,31,False
438,Business,Taipa,77,False
439,Consumer,Other,39,True
440,Consumer,Taipa,10,False
441,Business,Macau Peninsula,111,False
442,Consumer,Macau Peninsula,5,False
443,Consumer,Macau Peninsula,19,False
444,Consumer,Taipa,9,True
445,Consumer,Taipa,120,True
446,Consumer,Macau Peninsula,5,False
447,Consumer,Macau Peninsula,91,False
448,Business,Macau Peninsula,43,True
449,Consumer,Other,79,True
450,Consumer,Taipa,17,False
451,Business,Macau Peninsula,56,False
452,Business,Macau Peninsula,98,False
453,Consumer,Macau Peninsula,97,False
454,Consumer,Macau Peninsula,34,False
455,Consumer,Macau Peninsula,112,False
456,Consumer,Other,23,False
457,Consumer,Macau Peninsula,24,False
458,Consumer,Taipa,37,False
459,Consumer,Macau Peninsula,3,False
460,Business,Macau Peninsula,77,False
461,Consumer,Other,8,False
462,Consumer,Other,48,False
463,Consumer,Taipa,99,False
464,Business,Macau Peninsula,94,True
465,Consumer,Macau Peninsula,30,False
466,Consumer,Other,94,False
467,Consumer,Macau Peninsula,60,False
468,Consumer,Macau Peninsula,19,False
469,Business,Coloane,43,False
470,Consumer,Taipa,61,False
471,Consumer,Macau Peninsula,66,False
472,Consumer,Macau Peninsula,47,False
473,Consumer,Macau Peninsula,111,False
474,Business,Macau Peninsula,85,False
475,Consumer,Taipa,88,False
476,Consumer,Macau Peninsula,62,False
477,Consumer,Macau Peninsula,72,False
478,Consumer,Macau Peninsula,109,False
479,Consumer,Taipa,113,False
480,Consumer,Macau Peninsula,97,False
481,Consumer,Macau Peninsula,53,False
482,Consumer,Macau Peninsula,111,True
483,Consumer,Other,55,False
484,Consumer,Other,114,False
485,Consumer,Coloane,114,False
486,Consumer,Taipa,59,False
487,Business,Macau Peninsula,83,False
488,Consumer,Taipa,89,False
489,Consumer,Macau Peninsula,32,True
490,Consumer,Taipa,84,False
491,Consumer,Macau Peninsula,14,False
492,Consumer,Macau Peninsula,30,False
493,Consumer,Taipa,92,False
494,Consumer,Other,22,False
495,Consumer,Taipa,34,False
496,Consumer,Other,92,False
497,Consumer,Macau Peninsula,1,False
498,Business,Taipa,77,False
499,Consumer,Macau Peninsula,86,False
500,Consumer,Other,62,False
501,Business,Other,47,False
502,Consumer,Macau Peninsula,84,False
503,Consumer,Macau Peninsula,7,False
504,Consumer,Macau Peninsula,92,True
505,Consumer,Macau Peninsula,96,False
506,Consumer,Coloane,82,False
507,Consumer,Coloane,82,True
508,Consumer,Macau Peninsula,114,True
509,Consumer,Macau Peninsula,54,False
510,Consumer,Taipa,78,True
511,Business,Taipa,19,False
512,Consumer,Other,54,False
513,Consumer,Macau Peninsula,87,True
514,Consumer,Macau Peninsula,118,False
515,Consumer,Macau Peninsula,13,False
516,Consumer,Macau Peninsula,95,False
517,Business,Taipa,5,False
518,Consumer,Macau Peninsula,42,True
519,Consumer,Taipa,87,False
520,Consumer,Other,8,False
521,Consumer,Macau Peninsula,55,False
522,Consumer,Macau Peninsula,17,False
523,Consumer,Other,61,True
524,Consumer,Taipa,59,False
525,Business,Macau Peninsula,85,False
526,Consumer,Taipa,104,False
527,Business,Macau Peninsula,54,False
528,Consumer,Macau Peninsula,3,False
529,Business,Macau Peninsula,89,True
530,Consumer,Macau Peninsula,71,False
531,Consumer,Macau Peninsula,102,False
532,Consumer,Macau Peninsula,45,False
533,Consumer,Taipa,65,False
534,Business,Macau Peninsula,1,False
535,Business,Macau Peninsula,78,True
536,Consumer,Taipa,89,False
537,Consumer,Taipa,84,False
538,Consumer,Other,17,False
539,Consumer,Coloane,51,True
540,Consumer,Taipa,48,True
541,Consumer,Coloane,22,False
542,Consumer,Taipa,110,True
543,Business,Macau Peninsula,103,False
544,Consumer,Macau Peninsula,23,False
545,Consumer,Macau Peninsula,72,True
546,Consumer,Taipa,72,False
547,Consumer,Macau Peninsula,109,False
548,Consumer,Taipa,34,False
549,Business,Coloane,6,False
550,Consumer,Macau Peninsula,103,True
551,Consumer,Taipa,112,False
552,Consumer,Macau Peninsula,20,False
553,Consumer,Macau Peninsula,12,False
554,Consumer,Macau Peninsula,86,False
555,Consumer,Taipa,102,True
556,Consumer,Macau Peninsula,64,False
557,Consumer,Macau Peninsula,96,False
558,Consumer,Other,75,False
559,Consumer,Macau Peninsula,105,False
560,Consumer,Taipa,96,False
561,Consumer,Coloane,81,False
562,Consumer,Macau Peninsula,111,False
563,Consumer,Macau Peninsula,36,False
564,Consumer,Macau Peninsula,1,False
565,Consumer,Taipa,103,True
566,Business,Macau Peninsula,120,False
567,Consumer,Taipa,84,False
568,Business,Macau Peninsula,66,False
569,Consumer,Taipa,60,False
570,Consumer,Taipa,104,False
571,Business,Macau Peninsula,33,False
572,Consumer,Taipa,77,False
573,Consumer,Macau Peninsula,23,True
574,Consumer,Macau Peninsula,43,False
575,Consumer,Taipa,68,True
576,Business,Macau Peninsula,61,False
577,Consumer,Macau Peninsula,113,True
578,Consumer,Macau Peninsula,118,False
579,Consumer,Taipa,55,False
580,Consumer,Coloane,72,False
581,Consumer,Macau Peninsula,25,False
582,Consumer,Taipa,26,False
583,Consumer,Macau Peninsula,87,True
584,Consumer,Other,74,True
585,Consumer,Macau Peninsula,44,True
586,Consumer,Taipa,45,False
587,Consumer,Macau Peninsula,112,False
588,Consumer,Macau Peninsula,96,False
589,Consumer,Taipa,107,False
590,Consumer,Macau Peninsula,50,True
591,Consumer,Macau Peninsula,48,False
592,Consumer,Taipa,40,True
593,Consumer,Macau Peninsula,70,False
594,Consumer,Taipa,73,False
595,Consumer,Taipa,22,False
596,Consumer,Taipa,106,False
597,Business,Macau Peninsula,52,True
598,Consumer,Taipa,52,False
599,Consumer,Macau Peninsula,43,False
600,Business,Macau Peninsula,44,False
601,Consumer,Macau Peninsula,95,False
602,Consumer,Macau Peninsula,107,True
603,Consumer,Macau Peninsula,107,False
604,Consumer,Taipa,20,False
605,Consumer,Other,59,False
606,Consumer,Macau Peninsula,101,False
607,Consumer,Taipa,98,False
608,Consumer,Macau Peninsula,34,False
609,Business,Taipa,18,False
610,Consumer,Macau Peninsula,47,False
611,Consumer,Macau Peninsula,104,False
612,Consumer,Other,117,False
613,Business,Macau Peninsula,93,False
614,Business,Other,98,False
615,Consumer,Macau Peninsula,90,False
616,Consumer,Macau Peninsula,80,False
617,Consumer,Macau Peninsula,57,False
618,Consumer,Taipa,76,False
619,Consumer,Taipa,17,False
620,Consumer,Macau Peninsula,38,True
621,Consumer,Taipa,98,False
622,Business,Macau Peninsula,66,False
623,Consumer,Other,76,True
624,Consumer,Taipa,105,False
625,Business,Taipa,70,False
626,Consumer,Other,81,False
627,Consumer,Macau Peninsula,106,True
628,Business,Taipa,51,True
629,Consumer,Taipa,23,False
630,Consumer,Taipa,49,True
631,Consumer,Macau Peninsula,77,True
632,Consumer,Taipa,1,True
633,Business,Macau Peninsula,115,False
634,Business,Macau Peninsula,62,False
635,Business,Taipa,120,False
636,Consumer,Taipa,70,False
637,Consumer,Macau Peninsula,106,True
638,Consumer,Macau Peninsula,75,False
639,Consumer,Coloane,90,False
640,Consumer,Macau Peninsula,70,False
641,Consumer,Macau Peninsula,63,False
642,Consumer,Coloane,74,False
643,Consumer,Other,10,False
644,Consumer,Other,58,False
645,Consumer,Macau Peninsula,66,False
646,Consumer,Macau Peninsula,26,False
647,Consumer,Macau Peninsula,66,False
648,Consumer,Macau Peninsula,10,False
649,Consumer,Taipa,94,False
650,Business,Taipa,99,False
651,Consumer,Taipa,57,False
652,Consumer,Macau Peninsula,48,False
653,Consumer,Taipa,39,False
654,Business,Taipa,99,False
655,Consumer,Macau Peninsula,93,False
656,Consumer,Coloane,8,False
657,Business,Taipa,55,False
658,Business,Other,96,False
659,Consumer,Macau Peninsula,7,False
660,Consumer,Macau Peninsula,20,False
661,Consumer,Macau Peninsula,53,True
662,Consumer,Taipa,60,True
663,Consumer,Macau Peninsula,49,False
664,Consumer,Macau Peninsula,85,False
665,Consumer,Macau Peninsula,81,False
666,Consumer,Macau Peninsula,22,False
667,Consumer,Other,18,False
668,Consumer,Taipa,31,False
669,Consumer,Taipa,11,True
670,Business,Macau Peninsula,83,True
671,Business,Coloane,84,True
672,Consumer,Macau Peninsula,98,False
673,Consumer,Coloane,35,False
674,Consumer,Macau Peninsula,74,False
675,Consumer,Taipa,80,False
676,Consumer,Macau Peninsula,118,True
677,Consumer,Taipa,62,False
678,Consumer,Macau Peninsula,83,True
679,Business,Taipa,119,True
680,Consumer,Other,114,False
681,Consumer,Macau Peninsula,52,False
682,Consumer,Macau Peninsula,16,False
683,Consumer,Macau Peninsula,57,False
684,Consumer,Macau Peninsula,54,False
685,Consumer,Macau Peninsula,119,False
686,Consumer,Macau Peninsula,41,True
687,Consumer,Macau Peninsula,50,True
688,Consumer,Other,101,False
689,Consumer,Macau Peninsula,76,True
690,Consumer,Coloane,65,False
691,Consumer,Macau Peninsula,86,False
692,Business,Macau Peninsula,2,False
693,Consumer,Coloane,65,False
694,Consumer,Macau Peninsula,20,False
695,Consumer,Taipa,38,False
696,Consumer,Macau Peninsula,19,False
697,Consumer,Macau Peninsula,80,False
698,Consumer,Coloane,41,False
699,Business,Macau Peninsula,62,False
700,Consumer,Macau Peninsula,97,False
701,Business,Macau Peninsula,7,True
702,Consumer,Other,45,False
703,Consumer,Macau Peninsula,40,False
704,Consumer,Macau Peninsula,102,False
705,Consumer,Macau Peninsula,41,True
706,Consumer,Macau Peninsula,120,False
707,Business,Taipa,64,True
708,Consumer,Taipa,2,False
709,Consumer,Taipa,42,True
710,Consumer,Taipa,103,True
711,Consumer,Taipa,117,False
712,Consumer,Macau Peninsula,111,False
713,Business,Other,114,False
714,Consumer,Macau Peninsula,113,False
715,Consumer,Coloane,63,False
716,Consumer,Coloane,106,True
717,Consumer,Taipa,22,True
718,Consumer,Other,70,False
719,Consumer,Macau Peninsula,120,False
720,Business,Taipa,93,False
721,Consumer,Macau Peninsula,103,True
722,Consumer,Taipa,12,False
723,Consumer,Taipa,71,False
724,Consumer,Macau Peninsula,15,True
725,Business,Macau Peninsula,73,False
726,Business,Macau Peninsula,14,False
727,Consumer,Taipa,25,True
728,Consumer,Macau Peninsula,81,False
729,Business,Macau Peninsula,53,True
730,Business,Macau Peninsula,91,False
731,Business,Macau Peninsula,27,False
732,Consumer,Other,18,False
733,Consumer,Macau Peninsula,87,False
734,Consumer,Macau Peninsula,113,False
735,Consumer,Taipa,22,True
736,Consumer,Taipa,56,False
737,Consumer,Macau Peninsula,22,False
738,Consumer,Macau Peninsula,12,False
739,Consumer,Taipa,84,False
740,Consumer,Macau Peninsula,6,True
741,Consumer,Macau Peninsula,109,False
742,Business,Coloane,96,True
743,Consumer,Taipa,18,True
744,Consumer,Macau Peninsula,71,False
745,Consumer,Coloane,4,True
746,Consumer,Taipa,52,False
747,Business,Macau Peninsula,44,True
748,Consumer,Macau Peninsula,106,False
749,Business,Taipa,41,False
750,Consumer,Macau Peninsula,89,False
751,Consumer,Taipa,102,True
752,Consumer,Macau Peninsula,38,False
753,Business,Other,20,False
754,Consumer,Macau Peninsula,98,False
755,Consumer,Macau Peninsula,117,False
756,Business,Macau Peninsula,99,False
757,Consumer,Macau Peninsula,118,False
758,Business,Taipa,115,False
759,Business,Taipa,118,False
760,Consumer,Macau Peninsula,117,False
761,Consumer,Coloane,58,True
762,Consumer,Taipa,9,False
763,Consumer,Macau Peninsula,54,False
764,Consumer,Macau Peninsula,6,False
765,Consumer,Taipa,113,False
766,Business,Macau Peninsula,97,True
767,Consumer,Macau Peninsula,84,False
768,Consumer,Macau Peninsula,32,False
769,Consumer,Macau Peninsula,37,False
770,Consumer,Macau Peninsula,79,False
771,Consumer,Macau Peninsula,25,False
772,Consumer,Taipa,110,False
773,Consumer,Macau Peninsula,14,True
774,Consumer,Taipa,115,False
775,Consumer,Macau Peninsula,111,False
776,Consumer,Macau Peninsula,28,False
777,Business,Macau Peninsula,37,False
778,Consumer,Macau Peninsula,8,False
779,Consumer,Taipa,22,True
780,Consumer,Macau Peninsula,24,True
781,Consumer,Macau Peninsula,46,False
782,Consumer,Taipa,24,False
783,Consumer,Other,68,False
784,Consumer,Taipa,38,False
785,Consumer,Macau Peninsula,38,False
786,Business,Taipa,41,False
787,Business,Coloane,73,False
788,Consumer,Macau Peninsula,69,False
789,Consumer,Macau Peninsula,6,True
790,Consumer,Taipa,45,False
791,Consumer,Macau Peninsula,66,False
792,Consumer,Macau Peninsula,102,False
793,Consumer,Taipa,11,False
794,Consumer,Macau Peninsula,88,False
795,Consumer,Taipa,27,False
796,Consumer,Macau Peninsula,61,False
797,Consumer,Macau Peninsula,69,True
798,Consumer,Other,87,False
799,Consumer,Macau Peninsula,56,False
800,Consumer,Macau Peninsula,112,False
801,Consumer,Taipa,90,False
802,Consumer,Taipa,102,False
803,Consumer,Coloane,14,False
804,Consumer,Macau Peninsula,75,True
805,Consumer,Macau Peninsula,112,False
806,Consumer,Macau Peninsula,57,False
807,Consumer,Macau Peninsula,13,False
808,Consumer,Taipa,61,False
809,Consumer,Macau Peninsula,71,False
810,Consumer,Other,29,False
811,Business,Taipa,94,False
812,Consumer,Taipa,92,False
813,Consumer,Taipa,107,True
814,Consumer,Macau Peninsula,102,False
815,Consumer,Macau Peninsula,94,False
816,Consumer,Macau Peninsula,103,True
817,Consumer,Macau Peninsula,14,True
818,Business,Coloane,116,False
819,Consumer,Taipa,77,True
820,Consumer,Macau Peninsula,16,False
821,Consumer,Macau Peninsula,93,True
822,Consumer,Coloane,81,False
823,Consumer,Macau Peninsula,70,True
824,Consumer,Taipa,34,False
825,Consumer,Taipa,4,False
826,Consumer,Taipa,2,False
827,Consumer,Macau Peninsula,32,False
828,Consumer,Other,56,False
829,Consumer,Taipa,108,False
830,Consumer,Macau Peninsula,78,True
831,Consumer,Macau Peninsula,87,False
832,Consumer,Macau Peninsula,24,False
833,Consumer,Taipa,111,False
834,Consumer,Macau Peninsula,32,False
835,Consumer,Coloane,76,False
836,Consumer,Macau Peninsula,33,False
837,Consumer,Macau Peninsula,108,False
838,Business,Other,57,False
839,Business,Macau Peninsula,13,False
840,Consumer,Taipa,40,False
841,Consumer,Macau Peninsula,70,False
842,Consumer,Coloane,23,True
843,Consumer,Taipa,111,False
844,Consumer,Coloane,52,False
845,Business,Other,46,True
846,Consumer,Macau Peninsula,11,True
847,Consumer,Coloane,112,False
848,Consumer,Macau Peninsula,17,False
849,Business,Macau Peninsula,76,True
850,Consumer,Macau Peninsula,45,False
851,Consumer,Macau Peninsula,65,False
852,Consumer,Macau Peninsula,90,False
853,Consumer,Macau Peninsula,79,True
854,Consumer,Taipa,35,True
855,Consumer,Macau Peninsula,68,False
856,Consumer,Other,32,True
857,Consumer,Macau Peninsula,59,True
858,Consumer,Taipa,59,False
859,Consumer,Macau Peninsula,51,False
860,Consumer,Macau Peninsula,25,False
861,Consumer,Taipa,118,False
862,Consumer,Other,55,False
863,Consumer,Macau Peninsula,34,False
864,Consumer,Macau Peninsula,42,False
865,Consumer,Coloane,55,False
866,Consumer,Macau Peninsula,4,False
867,Consumer,Macau Peninsula,91,False
868,Consumer,Macau Peninsula,31,False
869,Consumer,Taipa,120,False
870,Consumer,Taipa,56,False
871,Business,Macau Peninsula,28,False
872,Consumer,Macau Peninsula,57,False
873,Consumer,Macau Peninsula,4,False
874,Consumer,Taipa,7,False
875,Business,Coloane,19,False
876,Consumer,Macau Peninsula,81,False
877,Consumer,Taipa,46,False
878,Consumer,Taipa,38,False
879,Consumer,Taipa,42,True
880,Business,Taipa,22,False
881,Consumer,Other,43,False
882,Consumer,Other,32,False
883,Consumer,Macau Peninsula,9,False
884,Consumer,Coloane,61,False
885,Consumer,Taipa,76,False
886,Business,Macau Peninsula,108,False
887,Consumer,Macau Peninsula,16,False
888,Consumer,Taipa,72,True
889,Consumer,Macau Peninsula,27,False
890,Consumer,Macau Peninsula,8,True
891,Business,Taipa,37,False
892,Consumer,Macau Peninsula,68,False
893,Consumer,Macau Peninsula,45,False
894,Consumer,Taipa,104,False
895,Consumer,Macau Peninsula,74,False
896,Consumer,Macau Peninsula,47,True
897,Consumer,Taipa,2,False
898,Consumer,Taipa,43,False
899,Consumer,Macau Peninsula,117,False
900,Consumer,Taipa,16,False
901,Consumer,Other,70,False
902,Consumer,Macau Peninsula,101,False
903,Consumer,Macau Peninsula,16,True
904,Consumer,Macau Peninsula,21,False
905,Consumer,Macau Peninsula,117,True
906,Consumer,Macau Peninsula,107,False
907,Consumer,Macau Peninsula,64,False
908,Business,Taipa,56,True
909,Consumer,Coloane,81,False
910,Consumer,Macau Peninsula,3,False
911,Consumer,Macau Peninsula,2,False
912,Consumer,Macau Peninsula,68,True
913,Business,Macau Peninsula,15,False
914,Consumer,Taipa,50,False
915,Consumer,Macau Peninsula,11,False
916,Consumer,Taipa,78,False
917,Consumer,Macau Peninsula,97,True
918,Consumer,Taipa,4,False
919,Business,Macau Peninsula,80,False
920,Consumer,Other,1,False
921,Consumer,Other,39,True
922,Consumer,Macau Peninsula,29,False
923,Consumer,Other,49,False
924,Consumer,Taipa,12,True
925,Consumer,Macau Peninsula,9,False
926,Consumer,Macau Peninsula,110,False
927,Consumer,Macau Peninsula,2,True
928,Consumer,Macau Peninsula,64,False
929,Consumer,Taipa,8,False
930,Consumer,Macau Peninsula,6,False
931,Business,Macau Peninsula,8,False
932,Consumer,Macau Peninsula,50,True
933,Consumer,Macau Peninsula,70,True
934,Business,Taipa,114,True
935,Consumer,Macau Peninsula,102,True
936,Consumer,Macau Peninsula,8,True
937,Consumer,Macau Peninsula,75,False
938,Consumer,Macau Peninsula,38,False
939,Consumer,Taipa,60,True
940,Consumer,Taipa,92,False
941,Business,Coloane,110,False
942,Consumer,Coloane,105,True
943,Consumer,Taipa,118,False
944,Consumer,Taipa,94,False
945,Consumer,Macau Peninsula,58,True
946,Consumer,Taipa,59,False
947,Business,Macau Peninsula,21,True
948,Business,Macau Peninsula,74,False
949,Consumer,Macau Peninsula,29,False
950,Consumer,Taipa,69,False
951,Consumer,Macau Peninsula,91,False
952,Business,Macau Peninsula,64,False
953,Consumer,Coloane,65,False
954,Consumer,Macau Peninsula,9,False
955,Consumer,Macau Peninsula,95,True
956,Business,Taipa,47,True
957,Business,Macau Peninsula,57,False
958,Consumer,Macau Peninsula,7,False
959,Consumer,Macau Peninsula,104,False
960,Consumer,Taipa,26,True
961,Consumer,Other,20,False
962,Consumer,Taipa,91,False
963,Business,Taipa,39,True
964,Business,Taipa,54,False
965,Consumer,Coloane,73,False
966,Business,Macau Peninsula,88,False
967,Business,Macau Peninsula,75,False
968,Consumer,Macau Peninsula,38,False
969,Consumer,Other,79,False
970,Consumer,Coloane,7,False
971,Consumer,Other,120,True
972,Consumer,Other,14,True
973,Consumer,Taipa,89,False
974,Consumer,Macau Peninsula,10,True
975,Consumer,Macau Peninsula,83,False
976,Business,Taipa,7,False
977,Consumer,Taipa,97,False
978,Consumer,Macau Peninsula,81,False
979,Consumer,Other,87,False
980,Consumer,Other,77,False
981,Consumer,Taipa,68,False
982,Consumer,Macau Peninsula,101,False
983,Consumer,Taipa,80,False
984,Consumer,Macau Peninsula,83,True
985,Consumer,Macau Peninsula,26,True
986,Consumer,Macau Peninsula,32,False
987,Business,Macau Peninsula,86,False
988,Business,Macau Peninsula,56,True
989,Consumer,Coloane,37,False
990,Consumer,Macau Peninsula,39,False
991,Business,Coloane,59,True
992,Consumer,Macau Peninsula,57,True
993,Consumer,Macau Peninsula,61,False
994,Consumer,Macau Peninsula,29,True
995,Business,Macau Peninsula,115,False
996,Consumer,Macau Peninsula,17,False
997,Business,Macau Peninsula,69,False
998,Consumer,Taipa,35,True
999,Consumer,Taipa,110,False
1000,Consumer,Taipa,63,False
1001,Consumer,Other,71,True
1002,Consumer,Taipa,1,False
1003,Consumer,Macau Peninsula,105,True
1004,Consumer,Macau Peninsula,105,False
1005,Consumer,Taipa,28,False
1006,Consumer,Taipa,2,True
1007,Consumer,Taipa,58,False
1008,Consumer,Taipa,93,False
1009,Consumer,Taipa,79,False
1010,Consumer,Macau Peninsula,21,True
1011,Consumer,Taipa,29,False
1012,Consumer,Other,44,False
1013,Consumer,Taipa,55,False
1014,Consumer,Taipa,2,False
1015,Consumer,Coloane,92,False
1016,Consumer,Macau Peninsula,119,False
1017,Business,Coloane,117,False
1018,Consumer,Macau Peninsula,54,False
1019,Consumer,Macau Peninsula,101,True
1020,Business,Taipa,46,False
1021,Consumer,Macau Peninsula,39,False
1022,Consumer,Other,87,False
1023,Consumer,Macau Peninsula,1,False
1024,Consumer,Taipa,97,True
1025,Consumer,Taipa,103,False
1026,Consumer,Macau Peninsula,51,False
1027,Consumer,Macau Peninsula,3,False
1028,Business,Macau Peninsula,109,True
1029,Consumer,Macau Peninsula,87,False
1030,Consumer,Macau Peninsula,67,False
1031,Business,Macau Peninsula,6,False
1032,Business,Taipa,97,True
1033,Consumer,Macau Peninsula,90,True
1034,Business,Macau Peninsula,99,True
1035,Consumer,Macau Peninsula,15,True
1036,Consumer,Taipa,120,False
1037,Consumer,Macau Peninsula,116,False
1038,Business,Taipa,79,False
1039,Business,Taipa,4,False
1040,Consumer,Macau Peninsula,20,False
1041,Business,Macau Peninsula,18,False
1042,Consumer,Taipa,98,False
1043,Business,Macau Peninsula,94,False
1044,Consumer,Taipa,102,False
1045,Consumer,Taipa,61,False
1046,Consumer,Coloane,27,False
1047,Consumer,Macau Peninsula,95,False
1048,Business,Macau Peninsula,38,False
1049,Business,Macau Peninsula,114,False
1050,Consumer,Macau Peninsula,51,False
1051,Consumer,Taipa,15,False
1052,Business,Macau Peninsula,42,False
1053,Consumer,Macau Peninsula,7,False
1054,Consumer,Taipa,24,False
1055,Consumer,Other,91,False
1056,Consumer,Macau Peninsula,11,False
1057,Consumer,Other,8,False
1058,Consumer,Macau Peninsula,45,False
1059,Consumer,Macau Peninsula,73,False
1060,Consumer,Other,74,False
1061,Consumer,Macau Peninsula,34,True
1062,Consumer,Coloane,10,False
1063,Business,Taipa,36,False
1064,Consumer,Taipa,93,False
1065,Consumer,Taipa,80,False
1066,Consumer,Macau Peninsula,92,False
1067,Business,Taipa,9,False
1068,Consumer,Other,15,False
1069,Consumer,Macau Peninsula,8,False
1070,Consumer,Taipa,114,False
1071,Business,Macau Peninsula,31,False
1072,Consumer,Taipa,108,False
1073,Consumer,Macau Peninsula,103,False
1074,Consumer,Macau Peninsula,112,True
1075,Consumer,Other,22,False
1076,Consumer,Macau Peninsula,67,False
1077,Consumer,Macau Peninsula,95,False
1078,Consumer,Macau Peninsula,61,True
1079,Consumer,Macau Peninsula,102,True
1080,Consumer,Taipa,108,False
1081,Consumer,Macau Peninsula,118,False
1082,Consumer,Macau Peninsula,61,False
1083,Consumer,Macau Peninsula,70,False
1084,Consumer,Macau Peninsula,65,False
1085,Business,Macau Peninsula,55,False
1086,Consumer,Macau Peninsula,74,False
1087,Consumer,Macau Peninsula,20,True
1088,Consumer,Macau Peninsula,92,False
1089,Business,Macau Peninsula,46,False
1090,Consumer,Macau Peninsula,101,False
1091,Consumer,Coloane,93,False
1092,Consumer,Macau Peninsula,53,True
1093,Consumer,Macau Peninsula,17,False
1094,Consumer,Macau Peninsula,34,False
1095,Consumer,Macau Peninsula,1,False
1096,Business,Taipa,13,False
1097,Consumer,Macau Peninsula,12,False
1098,Consumer,Macau Peninsula,79,True
1099,Consumer,Taipa,43,False
1100,Consumer,Macau Peninsula,19,True
1101,Consumer,Macau Peninsula,74,False
1102,Consumer,Macau Peninsula,100,True
1103,Business,Macau Peninsula,86,False
1104,Consumer,Macau Peninsula,96,False
1105,Consumer,Macau Peninsula,45,False
1106,Consumer,Macau Peninsula,110,False
1107,Consumer,Macau Peninsula,22,False
1108,Consumer,Other,60,False
1109,Consumer,Macau Peninsula,114,False
1110,Business,Macau Peninsula,31,False
1111,Consumer,Macau Peninsula,71,False
1112,Business,Macau Peninsula,50,False
1113,Consumer,Taipa,101,False
1114,Consumer,Macau Peninsula,106,False
1115,Business,Taipa,95,False
1116,Business,Taipa,5,False
1117,Consumer,Macau Peninsula,86,False
1118,Consumer,Taipa,6,False
1119,Consumer,Taipa,31,True
1120,Consumer,Other,38,False
1121,Consumer,Taipa,91,False
1122,Consumer,Macau Peninsula,45,False
1123,Business,Taipa,88,False
1124,Consumer,Macau Peninsula,39,True
1125,Consumer,Macau Peninsula,23,False
1126,Consumer,Taipa,112,False
1127,Consumer,Taipa,9,False
1128,Consumer,Macau Peninsula,39,False
1129,Consumer,Macau Peninsula,52,False
1130,Consumer,Macau Peninsula,100,False
1131,Consumer,Macau Peninsula,19,False
1132,Consumer,Macau Peninsula,101,False
1133,Consumer,Macau Peninsula,45,True
1134,Consumer,Taipa,68,True
1135,Consumer,Taipa,11,False
1136,Consumer,Other,40,False
1137,Consumer,Macau Peninsula,83,False
1138,Consumer,Macau Peninsula,100,False
1139,Consumer,Taipa,14,True
1140,Consumer,Macau Peninsula,67,False
1141,Consumer,Macau Peninsula,71,True
1142,Consumer,Taipa,69,False
1143,Consumer,Taipa,34,False
1144,Business,Taipa,48,False
1145,Consumer,Macau Peninsula,42,True
1146,Consumer,Other,48,False
1147,Consumer,Macau Peninsula,39,False
1148,Consumer,Macau Peninsula,70,False
1149,Consumer,Macau Peninsula,59,True
1150,Consumer,Taipa,85,True
1151,Consumer,Other,39,True
1152,Consumer,Macau Peninsula,98,False
1153,Consumer,Macau Peninsula,15,False
1154,Consumer,Taipa,109,False
1155,Consumer,Macau Peninsula,8,False
1156,Consumer,Macau Peninsula,111,False
1157,Consumer,Coloane,45,False
1158,Consumer,Macau Peninsula,63,True
1159,Consumer,Macau Peninsula,96,False
1160,Consumer,Taipa,25,True
1161,Consumer,Macau Peninsula,72,False
1162,Business,Macau Peninsula,97,True
1163,Consumer,Taipa,61,False
1164,Consumer,Macau Peninsula,92,False
1165,Consumer,Macau Peninsula,40,False
1166,Consumer,Macau Peninsula,17,False
1167,Consumer,Taipa,69,False
1168,Business,Taipa,50,False
1169,Consumer,Taipa,40,False
1170,Consumer,Macau Peninsula,65,False
1171,Consumer,Coloane,13,True
1172,Business,Coloane,14,False
1173,Consumer,Taipa,86,False
1174,Consumer,Taipa,117,False
1175,Consumer,Macau Peninsula,25,False
1176,Consumer,Macau Peninsula,44,True
1177,Consumer,Macau Peninsula,56,False
1178,Consumer,Macau Peninsula,35,True
1179,Business,Macau Peninsula,104,True
1180,Consumer,Macau Peninsula,94,False
1181,Consumer,Macau Peninsula,23,False
1182,Consumer,Taipa,47,False
1183,Consumer,Macau Peninsula,108,False
1184,Consumer,Macau Peninsula,48,True
1185,Business,Taipa,95,False
1186,Business,Taipa,119,False
1187,Consumer,Coloane,93,True
1188,Consumer,Macau Peninsula,34,False
1189,Consumer,Macau Peninsula,69,True
1190,Business,Taipa,118,False
1191,Consumer,Macau Peninsula,57,False
1192,Consumer,Macau Peninsula,78,False
1193,Business,Other,33,False
1194,Consumer,Taipa,108,True
1195,Consumer,Taipa,83,False
1196,Consumer,Macau Peninsula,4,False
1197,Consumer,Other,73,False
1198,Consumer,Taipa,109,True
1199,Consumer,Other,43,False
1200,Consumer,Macau Peninsula,70,True
1201,Consumer,Macau Peninsula,27,True
1202,Consumer,Macau Peninsula,30,False
1203,Consumer,Taipa,97,True
1204,Consumer,Taipa,114,False
1205,Consumer,Other,98,False
1206,Consumer,Taipa,16,False
1207,Business,Other,82,False
1208,Consumer,Taipa,73,False
1209,Business,Coloane,4,False
1210,Consumer,Macau Peninsula,39,False
1211,Consumer,Macau Peninsula,76,True
1212,Business,Macau Peninsula,101,False
1213,Business,Macau Peninsula,14,True
1214,Consumer,Macau Peninsula,49,False
1215,Consumer,Taipa,58,False
1216,Business,Coloane,15,False
1217,Consumer,Macau Peninsula,112,False
1218,Consumer,Taipa,14,False
1219,Business,Macau Peninsula,117,True
1220,Business,Other,66,True
1221,Consumer,Macau Peninsula,83,False
1222,Consumer,Macau Peninsula,16,False
1223,Consumer,Macau Peninsula,5,False
1224,Business,Taipa,32,False
1225,Consumer,Macau Peninsula,59,False
1226,Consumer,Taipa,65,False
1227,Consumer,Macau Peninsula,77,True
1228,Consumer,Macau Peninsula,6,False
1229,Consumer,Macau Peninsula,119,False
1230,Business,Coloane,88,False
1231,Consumer,Other,29,False
1232,Business,Taipa,54,False
1233,Consumer,Other,106,False
1234,Consumer,Taipa,101,False
1235,Consumer,Coloane,36,False
1236,Consumer,Macau Peninsula,50,True
1237,Consumer,Macau Peninsula,29,False
1238,Consumer,Coloane,71,False
1239,Consumer,Macau Peninsula,97,False
1240,Consumer,Macau Peninsula,89,True
1241,Consumer,Taipa,42,False
1242,Consumer,Macau Peninsula,15,True
1243,Consumer,Macau Peninsula,71,False
1244,Consumer,Macau Peninsula,54,False
1245,Consumer,Taipa,87,False
1246,Consumer,Taipa,64,True
1247,Consumer,Macau Peninsula,42,False
1248,Business,Macau Peninsula,17,False
1249,Consumer,Macau Peninsula,5,False
1250,Consumer,Macau Peninsula,33,True
1251,Consumer,Macau Peninsula,115,False
1252,Consumer,Taipa,71,False
1253,Business,Coloane,54,False
1254,Consumer,Coloane,19,False
1255,Consumer,Macau Peninsula,105,True
1256,Consumer,Macau Peninsula,83,False
1257,Consumer,Macau Peninsula,43,False
1258,Consumer,Taipa,38,False
1259,Consumer,Macau Peninsula,10,False
1260,Business,Coloane,11,False
1261,Consumer,Macau Peninsula,23,False
1262,Consumer,Macau Peninsula,64,True
1263,Consumer,Taipa,51,False
1264,Consumer,Taipa,9,True
1265,Consumer,Macau Peninsula,76,True
1266,Consumer,Taipa,23,False
1267,Consumer,Macau Peninsula,114,True
1268,Consumer,Macau Peninsula,42,False
1269,Consumer,Macau Peninsula,109,False
1270,Consumer,Other,47,False
1271,Consumer,Taipa,54,False
1272,Consumer,Macau Peninsula,115,False
1273,Consumer,Coloane,85,False
1274,Consumer,Macau Peninsula,50,False
1275,Consumer,Taipa,112,False
1276,Consumer,Macau Peninsula,35,True
1277,Consumer,Coloane,3,False
1278,Business,Taipa,107,False
1279,Consumer,Macau Peninsula,83,False
1280,Business,Macau Peninsula,24,False
1281,Consumer,Macau Peninsula,48,False
1282,Consumer,Taipa,8,False
1283,Consumer,Macau Peninsula,111,False
1284,Consumer,Macau Peninsula,6,False
1285,Business,Taipa,110,False
1286,Business,Taipa,47,False
1287,Consumer,Other,72,False
1288,Consumer,Taipa,68,False
1289,Consumer,Taipa,8,False
1290,Business,Macau Peninsula,17,False
1291,Consumer,Macau Peninsula,120,True
1292,Consumer,Coloane,78,False
1293,Consumer,Macau Peninsula,86,False
1294,Business,Macau Peninsula,17,False
1295,Consumer,Macau Peninsula,16,True
1296,Business,Macau Peninsula,35,True
1297,Business,Taipa,118,True
1298,Consumer,Macau Peninsula,78,False
1299,Business,Macau Peninsula,104,True
1300,Consumer,Macau Peninsula,67,False
1301,Consumer,Macau Peninsula,28,True
1302,Consumer,Taipa,86,False
1303,Consumer,Macau Peninsula,106,False
1304,Consumer,Taipa,93,False
1305,Consumer,Macau Peninsula,7,False
1306,Consumer,Macau Peninsula,13,True
1307,Consumer,Coloane,76,False
1308,Consumer,Macau Peninsula,33,True
1309,Consumer,Taipa,54,False
1310,Consumer,Coloane,4,False
1311,Consumer,Macau Peninsula,72,False
1312,Consumer,Macau Peninsula,111,True
1313,Consumer,Other,23,False
1314,Business,Macau Peninsula,31,False
1315,Consumer,Macau Peninsula,60,False
1316,Consumer,Taipa,59,False
1317,Consumer,Macau Peninsula,1,False
1318,Business,Macau Peninsula,49,False
1319,Consumer,Taipa,78,False
1320,Consumer,Macau Peninsula,41,False
1321,Consumer,Taipa,69,True
1322,Consumer,Taipa,54,False
1323,Business,Macau Peninsula,2,False
1324,Consumer,Macau Peninsula,72,False
1325,Consumer,Coloane,7,False
1326,Consumer,Macau Peninsula,23,False
1327,Consumer,Macau Peninsula,52,False
1328,Business,Macau Peninsula,75,False
1329,Consumer,Macau Peninsula,17,True
1330,Consumer,Other,84,False
1331,Consumer,Macau Peninsula,106,False
1332,Consumer,Taipa,31,False
1333,Consumer,Macau Peninsula,32,False
1334,Business,Taipa,54,False
1335,Consumer,Taipa,104,True
1336,Consumer,Coloane,42,True
1337,Consumer,Taipa,4,False
1338,Consumer,Other,68,False
1339,Consumer,Macau Peninsula,90,False
1340,Consumer,Taipa,46,False
1341,Consumer,Other,34,False
1342,Consumer,Other,10,False
1343,Business,Taipa,1,False
1344,Business,Taipa,38,True
1345,Consumer,Other,19,True
1346,Consumer,Macau Peninsula,82,True
1347,Consumer,Macau Peninsula,87,True
1348,Consumer,Macau Peninsula,114,False
1349,Consumer,Macau Peninsula,91,False
1350,Consumer,Taipa,40,True
1351,Business,Macau Peninsula,57,False
1352,Consumer,Taipa,36,True
1353,Consumer,Taipa,99,False
1354,Consumer,Macau Peninsula,42,False
1355,Consumer,Taipa,108,False
1356,Consumer,Macau Peninsula,115,False
1357,Consumer,Macau Peninsula,14,True
1358,Business,Other,94,False
1359,Consumer,Macau Peninsula,52,False
1360,Consumer,Macau Peninsula,104,False
1361,Consumer,Macau Peninsula,1,False
1362,Business,Macau Peninsula,1,False
1363,Consumer,Taipa,7,False
1364,Consumer,Taipa,53,False
1365,Consumer,Macau Peninsula,89,True
1366,Business,Macau Peninsula,41,False
1367,Business,Macau Peninsula,11,True
1368,Consumer,Macau Peninsula,54,False
1369,Consumer,Macau Peninsula,112,False
1370,Consumer,Taipa,118,False
1371,Consumer,Macau Peninsula,83,False
1372,Consumer,Macau Peninsula,43,True
1373,Consumer,Other,10,False
1374,Consumer,Other,60,False
1375,Consumer,Macau Peninsula,92,True
1376,Business,Other,100,False
1377,Business,Macau Peninsula,53,False
1378,Consumer,Other,63,False
1379,Consumer,Macau Peninsula,112,True
1380,Consumer,Taipa,80,False
1381,Business,Macau Peninsula,110,True
1382,Consumer,Macau Peninsula,75,False
1383,Consumer,Macau Peninsula,61,False
1384,Consumer,Macau Peninsula,86,True
1385,Consumer,Macau Peninsula,106,False
1386,Consumer,Taipa,43,False
1387,Consumer,Taipa,65,True
1388,Business,Macau Peninsula,5,True
1389,Consumer,Taipa,24,True
1390,Business,Taipa,44,False
1391,Business,Macau Peninsula,69,False
1392,Consumer,Macau Peninsula,1,False
1393,Consumer,Macau Peninsula,11,True
1394,Consumer,Coloane,17,False
1395,Consumer,Macau Peninsula,105,True
1396,Consumer,Macau Peninsula,89,True
1397,Consumer,Macau Peninsula,109,False
1398,Consumer,Taipa,67,False
1399,Consumer,Taipa,74,False
1400,Business,Taipa,105,False
1401,Business,Macau Peninsula,58,True
1402,Consumer,Coloane,103,False
1403,Consumer,Taipa,109,True
1404,Consumer,Macau Peninsula,88,False
1405,Consumer,Macau Peninsula,46,False
1406,Consumer,Macau Peninsula,5,False
1407,Consumer,Macau Peninsula,24,False
1408,Business,Macau Peninsula,37,False
1409,Consumer,Macau Peninsula,120,True
1410,Business,Taipa,58,False
1411,Business,Macau Peninsula,59,False
1412,Business,Taipa,79,True
1413,Consumer,Taipa,1,False
1414,Consumer,Taipa,75,False
1415,Business,Other,102,False
1416,Consumer,Macau Peninsula,39,False
1417,Business,Taipa,77,False
1418,Consumer,Macau Peninsula,24,True
1419,Consumer,Macau Peninsula,91,False
1420,Consumer,Macau Peninsula,119,False
1421,Consumer,Taipa,44,False
1422,Consumer,Macau Peninsula,31,True
1423,Consumer,Other,13,False
1424,Consumer,Macau Peninsula,69,True
1425,Consumer,Macau Peninsula,31,False
1426,Consumer,Macau Peninsula,109,False
1427,Consumer,Macau Peninsula,21,True
1428,Consumer,Macau Peninsula,43,False
1429,Consumer,Macau Peninsula,92,False
1430,Consumer,Taipa,85,False
1431,Consumer,Macau Peninsula,99,True
1432,Consumer,Macau Peninsula,111,True
1433,Consumer,Macau Peninsula,70,False
1434,Consumer,Macau Peninsula,38,False
1435,Consumer,Macau Peninsula,78,False
1436,Consumer,Taipa,45,False
1437,Consumer,Macau Peninsula,106,False
1438,Consumer,Macau Peninsula,7,False
1439,Consumer,Macau Peninsula,14,False
1440,Consumer,Taipa,49,False
1441,Consumer,Taipa,79,False
1442,Business,Macau Peninsula,100,False
1443,Consumer,Macau Peninsula,13,False
1444,Consumer,Macau Peninsula,106,False
1445,Consumer,Taipa,71,False
1446,Consumer,Macau Peninsula,1,False
1447,Consumer,Macau Peninsula,94,False
1448,Consumer,Coloane,1,False
1449,Business,Macau Peninsula,118,False
1450,Consumer,Macau Peninsula,53,True
1451,Consumer,Macau Peninsula,116,False
1452,Consumer,Macau Peninsula,48,False
1453,Consumer,Other,23,False
1454,Consumer,Taipa,116,False
1455,Consumer,Coloane,37,True
1456,Business,Macau Peninsula,44,False
1457,Consumer,Macau Peninsula,98,False
1458,Consumer,Other,62,False
1459,Business,Other,59,False
1460,Consumer,Taipa,58,False
1461,Consumer,Taipa,109,False
1462,Consumer,Macau Peninsula,19,False
1463,Consumer,Macau Peninsula,51,False
1464,Consumer,Taipa,5,False
1465,Consumer,Macau Peninsula,55,False
1466,Consumer,Coloane,67,False
1467,Consumer,Macau Peninsula,22,True
1468,Consumer,Macau Peninsula,90,False
1469,Consumer,Macau Peninsula,95,False
1470,Consumer,Macau Peninsula,22,True
1471,Consumer,Macau Peninsula,91,False
1472,Consumer,Taipa,97,False
1473,Consumer,Taipa,65,False
1474,Consumer,Other,87,False
1475,Consumer,Macau Peninsula,20,False
1476,Business,Macau Peninsula,66,False
1477,Consumer,Macau Peninsula,47,False
1478,Consumer,Macau Peninsula,61,True
1479,Consumer,Macau Peninsula,18,False
1480,Business,Taipa,48,False
1481,Consumer,Macau Peninsula,61,True
1482,Consumer,Macau Peninsula,52,False
1483,Consumer,Macau Peninsula,67,False
1484,Consumer,Taipa,73,False
1485,Consumer,Macau Peninsula,54,True
1486,Consumer,Macau Peninsula,66,False
1487,Consumer,Macau Peninsula,70,False
1488,Consumer,Macau Peninsula,55,True
1489,Consumer,Macau Peninsula,104,False
1490,Consumer,Macau Peninsula,40,False
1491,Consumer,Taipa,59,True
1492,Consumer,Macau Peninsula,59,False
1493,Consumer,Taipa,81,False
1494,Consumer,Macau Peninsula,37,False
1495,Consumer,Taipa,61,True
1496,Consumer,Taipa,97,False
1497,Business,Macau Peninsula,30,False
1498,Consumer,Macau Peninsula,79,False
1499,Consumer,Macau Peninsula,18,True
1500,Consumer,Taipa,89,True
1501,Consumer,Macau Peninsula,115,False
1502,Consumer,Taipa,117,False
1503,Consumer,Macau Peninsula,44,False
1504,Business,Taipa,75,False
1505,Consumer,Macau Peninsula,116,False
1506,Consumer,Macau Peninsula,36,False
1507,Consumer,Macau Peninsula,113,False
1508,Consumer,Macau Peninsula,102,False
1509,Business,Taipa,62,False
1510,Consumer,Coloane,99,False
1511,Consumer,Taipa,120,False
1512,Consumer,Macau Peninsula,17,False
1513,Consumer,Taipa,54,False
1514,Consumer,Macau Peninsula,103,False
1515,Consumer,Taipa,14,False
1516,Consumer,Macau Peninsula,31,False
1517,Consumer,Taipa,49,True
1518,Consumer,Macau Peninsula,106,False
1519,Business,Macau Peninsula,78,False
1520,Business,Coloane,44,False
1521,Consumer,Macau Peninsula,74,False
1522,Consumer,Macau Peninsula,84,True
1523,Consumer,Taipa,24,False
1524,Consumer,Macau Peninsula,86,False
1525,Consumer,Other,91,False
1526,Consumer,Taipa,10,False
1527,Consumer,Macau Peninsula,55,False
1528,Consumer,Taipa,85,True
1529,Consumer,Taipa,17,False
1530,Consumer,Macau Peninsula,90,True
1531,Business,Macau Peninsula,108,False
1532,Business,Macau Peninsula,117,True
1533,Consumer,Macau Peninsula,51,True
1534,Business,Coloane,45,False
1535,Business,Taipa,39,False
1536,Consumer,Taipa,4,False
1537,Consumer,Macau Peninsula,25,False
1538,Consumer,Other,41,False
1539,Consumer,Coloane,30,True
1540,Consumer,Taipa,42,True
1541,Business,Macau Peninsula,81,False
1542,Consumer,Taipa,53,False
1543,Consumer,Macau Peninsula,96,False
1544,Consumer,Coloane,102,False
1545,Consumer,Taipa,38,False
1546,Business,Taipa,26,True
1547,Consumer,Taipa,13,False
1548,Consumer,Taipa,70,False
1549,Business,Coloane,22,False
1550,Consumer,Other,67,True
1551,Consumer,Macau Peninsula,59,False
1552,Consumer,Other,108,False
1553,Consumer,Other,2,False
1554,Consumer,Taipa,28,False
1555,Consumer,Coloane,6,False
1556,Consumer,Macau Peninsula,111,True
1557,Consumer,Macau Peninsula,75,False
1558,Consumer,Taipa,117,False
1559,Consumer,Macau Peninsula,46,True
1560,Business,Other,7,False
1561,Consumer,Macau Peninsula,45,False
1562,Consumer,Macau Peninsula,93,False
1563,Consumer,Macau Peninsula,70,False
1564,Consumer,Taipa,7,False
1565,Business,Taipa,95,True
1566,Consumer,Macau Peninsula,20,False
1567,Consumer,Macau Peninsula,82,False
1568,Consumer,Macau Peninsula,7,False
1569,Consumer,Macau Peninsula,13,False
1570,Consumer,Taipa,101,False
1571,Consumer,Taipa,115,False
1572,Consumer,Macau Peninsula,69,True
1573,Consumer,Macau Peninsula,68,False
1574,Business,Taipa,119,True
1575,Consumer,Other,60,False
1576,Consumer,Macau Peninsula,100,False
1577,Consumer,Macau Peninsula,12,True
1578,Consumer,Macau Peninsula,42,False
1579,Consumer,Macau Peninsula,18,True
1580,Consumer,Macau Peninsula,12,False
1581,Consumer,Macau Peninsula,99,True
1582,Consumer,Taipa,24,True
1583,Business,Taipa,21,True
1584,Consumer,Coloane,99,False
1585,Consumer,Macau Peninsula,11,False
1586,Consumer,Taipa,66,True
1587,Consumer,Taipa,49,False
1588,Consumer,Macau Peninsula,107,False
1589,Business,Macau Peninsula,72,False
1590,Business,Taipa,68,False
1591,Business,Coloane,63,False
1592,Consumer,Other,44,False
1593,Business,Taipa,118,False
1594,Consumer,Macau Peninsula,68,False
1595,Consumer,Taipa,8,False
1596,Consumer,Taipa,39,False
1597,Consumer,Taipa,51,False
1598,Business,Macau Peninsula,60,False
1599,Consumer,Macau Peninsula,62,False
1600,Consumer,Macau Peninsula,120,False
1601,Business,Coloane,54,True
1602,Consumer,Taipa,28,False
1603,Consumer,Macau Peninsula,20,False
1604,Business,Taipa,61,False
1605,Business,Macau Peninsula,112,False
1606,Consumer,Macau Peninsula,24,False
1607,Consumer,Macau Peninsula,108,True
1608,Consumer,Macau Peninsula,103,False
1609,Business,Macau Peninsula,50,False
1610,Consumer,Coloane,17,False
1611,Business,Macau Peninsula,71,False
1612,Consumer,Macau Peninsula,36,False
1613,Consumer,Macau Peninsula,47,True
1614,Consumer,Other,92,True
1615,Consumer,Macau Peninsula,73,False
1616,Consumer,Macau Peninsula,49,False
1617,Business,Taipa,104,False
1618,Consumer,Taipa,10,False
1619,Business,Macau Peninsula,64,False
1620,Business,Taipa,27,False
1621,Consumer,Macau Peninsula,111,False
1622,Consumer,Taipa,9,False
1623,Consumer,Macau Peninsula,114,False
1624,Consumer,Macau Peninsula,92,False
1625,Consumer,Taipa,3,False
1626,Consumer,Macau Peninsula,82,False
1627,Consumer,Macau Peninsula,13,False
1628,Consumer,Macau Peninsula,114,False
1629,Consumer,Macau Peninsula,43,True
1630,Consumer,Coloane,32,True
1631,Consumer,Taipa,24,False
1632,Consumer,Macau Peninsula,61,False
1633,Consumer,Macau Peninsula,49,False
1634,Consumer,Taipa,21,False
1635,Consumer,Taipa,20,False
1636,Consumer,Coloane,88,True
1637,Consumer,Macau Peninsula,62,False
1638,Business,Macau Peninsula,18,False
1639,Consumer,Coloane,84,True
1640,Consumer,Taipa,107,False
1641,Consumer,Taipa,88,True
1642,Consumer,Macau Peninsula,45,False
1643,Consumer,Taipa,81,False
1644,Consumer,Macau Peninsula,10,False
1645,Consumer,Macau Peninsula,12,False
1646,Consumer,Taipa,7,True
1647,Consumer,Taipa,9,False
1648,Consumer,Macau Peninsula,92,False
1649,Consumer,Taipa,98,False
1650,Consumer,Macau Peninsula,106,False
1651,Consumer,Taipa,6,False
1652,Business,Macau Peninsula,114,False
1653,Consumer,Coloane,89,False
1654,Consumer,Macau Peninsula,101,False
1655,Consumer,Taipa,57,False
1656,Consumer,Taipa,103,False
1657,Consumer,Taipa,37,False
1658,Business,Macau Peninsula,81,False
1659,Business,Macau Peninsula,57,False
1660,Consumer,Macau Peninsula,2,True
1661,Business,Taipa,104,False
1662,Business,Macau Peninsula,20,False
1663,Consumer,Macau Peninsula,79,False
1664,Consumer,Macau Peninsula,112,True
1665,Consumer,Macau Peninsula,6,False
1666,Consumer,Macau Peninsula,12,True
1667,Business,Other,117,False
1668,Consumer,Taipa,95,True
1669,Consumer,Macau Peninsula,49,False
1670,Consumer,Macau Peninsula,65,False
1671,Consumer,Macau Peninsula,35,False
1672,Consumer,Other,47,False
1673,Consumer,Macau Peninsula,119,True
1674,Consumer,Taipa,91,False
1675,Consumer,Macau Peninsula,61,False
1676,Business,Macau Peninsula,79,False
1677,Business,Taipa,108,False
1678,Business,Macau Peninsula,67,False
1679,Consumer,Macau Peninsula,4,False
1680,Business,Other,9,True
1681,Consumer,Other,16,True
1682,Consumer,Macau Peninsula,74,True
1683,Consumer,Taipa,43,False
1684,Business,Macau Peninsula,11,True
1685,Consumer,Taipa,44,False
1686,Consumer,Coloane,58,True
1687,Consumer,Macau Peninsula,75,False
1688,Consumer,Macau Peninsula,113,False
1689,Consumer,Taipa,15,False
1690,Consumer,Taipa,110,False
1691,Consumer,Taipa,70,True
1692,Consumer,Taipa,97,True
1693,Consumer,Macau Peninsula,40,False
1694,Consumer,Macau Peninsula,106,False
1695,Consumer,Taipa,71,False
1696,Consumer,Taipa,58,False
1697,Consumer,Macau Peninsula,72,False
1698,Consumer,Other,89,False
1699,Consumer,Macau Peninsula,39,True
1700,Consumer,Macau Peninsula,46,False
1701,Business,Macau Peninsula,15,False
1702,Business,Other,45,False
1703,Consumer,Macau Peninsula,83,True
1704,Consumer,Taipa,38,False
1705,Consumer,Macau Peninsula,119,False
1706,Consumer,Macau Peninsula,39,False
1707,Consumer,Macau Peninsula,31,False
1708,Consumer,Macau Peninsula,9,True
1709,Consumer,Macau Peninsula,85,False
1710,Consumer,Taipa,58,False
1711,Consumer,Taipa,67,False
1712,Consumer,Coloane,7,False
1713,Business,Macau Peninsula,22,True
1714,Business,Taipa,110,False
1715,Business,Taipa,66,False
1716,Consumer,Macau Peninsula,105,False
1717,Business,Taipa,18,False
1718,Consumer,Other,75,False
1719,Consumer,Macau Peninsula,9,False
1720,Consumer,Macau Peninsula,38,False
1721,Consumer,Taipa,105,False
1722,Consumer,Macau Peninsula,45,False
1723,Consumer,Macau Peninsula,2,True
1724,Consumer,Macau Peninsula,90,False
1725,Business,Taipa,119,True
1726,Consumer,Macau Peninsula,88,False
1727,Consumer,Macau Peninsula,60,False
1728,Consumer,Taipa,27,False
1729,Consumer,Macau Peninsula,104,True
1730,Consumer,Macau Peninsula,81,False
1731,Consumer,Macau Peninsula,108,True
1732,Consumer,Macau Peninsula,80,False
1733,Consumer,Macau Peninsula,118,False
1734,Consumer,Taipa,1,True
1735,Consumer,Taipa,48,False
1736,Business,Taipa,45,False
1737,Consumer,Macau Peninsula,7,True
1738,Business,Other,98,False
1739,Consumer,Taipa,107,False
1740,Consumer,Macau Peninsula,82,False
1741,Consumer,Taipa,79,False
1742,Consumer,Macau Peninsula,90,False
1743,Consumer,Macau Peninsula,86,True
1744,Consumer,Macau Peninsula,17,False
1745,Consumer,Macau Peninsula,13,False
1746,Consumer,Other,27,False
1747,Consumer,Macau Peninsula,53,True
1748,Consumer,Macau Peninsula,120,True
1749,Consumer,Other,8,True
1750,Consumer,Taipa,45,False
1751,Business,Other,78,False
1752,Consumer,Taipa,15,False
1753,Consumer,Coloane,13,False
1754,Business,Macau Peninsula,50,True
1755,Consumer,Macau Peninsula,67,False
1756,Consumer,Macau Peninsula,49,False
1757,Consumer,Macau Peninsula,28,False
1758,Business,Taipa,1,False
1759,Business,Macau Peninsula,110,False
1760,Consumer,Other,94,False
1761,Consumer,Macau Peninsula,21,True
1762,Business,Macau Peninsula,82,False
1763,Consumer,Macau Peninsula,100,False
1764,Consumer,Taipa,114,False
1765,Consumer,Macau Peninsula,100,False
1766,Consumer,Macau Peninsula,33,True
1767,Consumer,Coloane,41,False
1768,Consumer,Macau Peninsula,100,False
1769,Consumer,Coloane,84,False
1770,Consumer,Macau Peninsula,96,False
1771,Consumer,Taipa,13,False
1772,Consumer,Macau Peninsula,97,False
1773,Consumer,Taipa,40,False
1774,Consumer,Macau Peninsula,63,False
1775,Consumer,Other,80,False
1776,Consumer,Taipa,101,True
1777,Business,Macau Peninsula,12,False
1778,Consumer,Taipa,84,False
1779,Consumer,Taipa,107,False
1780,Business,Macau Peninsula,111,True
1781,Consumer,Macau Peninsula,117,True
1782,Business,Coloane,51,True
1783,Consumer,Macau Peninsula,66,False
1784,Business,Macau Peninsula,114,True
1785,Consumer,Taipa,50,True
1786,Consumer,Macau Peninsula,59,False
1787,Consumer,Taipa,100,False
1788,Consumer,Macau Peninsula,85,False
1789,Consumer,Macau Peninsula,17,False
1790,Consumer,Other,106,False
1791,Consumer,Taipa,83,False
1792,Consumer,Taipa,104,False
1793,Consumer,Coloane,71,False
1794,Consumer,Taipa,29,False
1795,Consumer,Taipa,67,False
1796,Consumer,Taipa,34,False
1797,Consumer,Macau Peninsula,14,False
1798,Consumer,Taipa,26,False
1799,Business,Macau Peninsula,98,False
1800,Consumer,Macau Peninsula,75,False
1801,Consumer,Taipa,105,False
1802,Consumer,Taipa,97,True
1803,Consumer,Macau Peninsula,114,False
1804,Consumer,Taipa,116,False
1805,Consumer,Macau Peninsula,52,False
1806,Consumer,Macau Peninsula,59,True
1807,Consumer,Macau Peninsula,120,False
1808,Business,Macau Peninsula,67,False
1809,Consumer,Coloane,45,False
1810,Consumer,Macau Peninsula,89,False
1811,Consumer,Macau Peninsula,77,False
1812,Consumer,Macau Peninsula,43,True
1813,Consumer,Taipa,112,False
1814,Consumer,Macau Peninsula,82,False
1815,Business,Macau Peninsula,112,True
1816,Consumer,Macau Peninsula,88,False
1817,Consumer,Taipa,37,False
1818,Business,Macau Peninsula,57,True
1819,Consumer,Coloane,117,False
1820,Consumer,Macau Peninsula,21,False
1821,Consumer,Macau Peninsula,10,True
1822,Consumer,Other,32,False
1823,Consumer,Taipa,98,False
1824,Consumer,Coloane,88,True
1825,Consumer,Macau Peninsula,104,True
1826,Consumer,Macau Peninsula,57,True
1827,Consumer,Macau Peninsula,28,False
1828,Business,Macau Peninsula,16,False
1829,Consumer,Taipa,103,False
1830,Business,Taipa,18,False
1831,Consumer,Taipa,111,False
1832,Consumer,Other,34,True
1833,Consumer,Taipa,28,False
1834,Consumer,Other,19,True
1835,Consumer,Other,53,True
1836,Business,Macau Peninsula,26,False
1837,Consumer,Coloane,25,True
1838,Consumer,Taipa,68,False
1839,Business,Macau Peninsula,119,False
1840,Consumer,Macau Peninsula,36,False
1841,Consumer,Taipa,52,False
1842,Consumer,Coloane,30,True
1843,Business,Macau Peninsula,96,False
1844,Business,Taipa,24,False
1845,Consumer,Macau Peninsula,76,True
1846,Consumer,Macau Peninsula,46,False
1847,Consumer,Macau Peninsula,70,False
1848,Consumer,Macau Peninsula,115,False
1849,Consumer,Taipa,44,False
1850,Consumer,Taipa,56,False
1851,Consumer,Other,1,True
1852,Consumer,Coloane,4,False
1853,Consumer,Coloane,32,False
1854,Consumer,Other,84,False
1855,Consumer,Taipa,113,False
1856,Consumer,Other,29,False
1857,Consumer,Taipa,38,True
1858,Consumer,Taipa,76,True
1859,Consumer,Macau Peninsula,35,False
1860,Consumer,Taipa,69,False
1861,Consumer,Taipa,101,True
1862,Consumer,Macau Peninsula,73,False
1863,Consumer,Other,92,True
1864,Consumer,Macau Peninsula,64,True
1865,Consumer,Other,78,False
1866,Business,Macau Peninsula,45,False
1867,Consumer,Macau Peninsula,44,False
1868,Business,Taipa,93,False
1869,Consumer,Taipa,112,True
1870,Business,Other,36,False
1871,Business,Macau Peninsula,113,False
1872,Business,Macau Peninsula,95,False
1873,Business,Taipa,57,True
1874,Consumer,Taipa,44,False
1875,Business,Taipa,35,False
1876,Consumer,Macau Peninsula,73,True
1877,Consumer,Macau Peninsula,42,False
1878,Consumer,Taipa,62,False
1879,Consumer,Taipa,5,True
1880,Business,Taipa,115,False
1881,Business,Macau Peninsula,68,False
1882,Consumer,Macau Peninsula,4,True
1883,Business,Taipa,18,False
1884,Consumer,Macau Peninsula,116,False
1885,Consumer,Macau Peninsula,81,False
1886,Consumer,Macau Peninsula,91,False
1887,Consumer,Macau Peninsula,49,True
1888,Consumer,Coloane,26,True
1889,Consumer,Coloane,21,False
1890,Consumer,Taipa,7,False
1891,Consumer,Taipa,65,False
1892,Consumer,Macau Peninsula,46,True
1893,Business,Macau Peninsula,8,False
1894,Consumer,Macau Peninsula,119,False
1895,Consumer,Taipa,66,True
1896,Consumer,Macau Peninsula,69,False
1897,Business,Taipa,90,True
1898,Consumer,Taipa,54,False
1899,Business,Macau Peninsula,47,False
1900,Business,Macau Peninsula,11,True
1901,Consumer,Coloane,64,True
1902,Consumer,Other,90,False
1903,Business,Macau Peninsula,51,False
1904,Consumer,Taipa,77,True
1905,Business,Macau Peninsula,10,False
1906,Consumer,Other,24,False
1907,Consumer,Other,6,True
1908,Consumer,Macau Peninsula,87,False
1909,Consumer,Macau Peninsula,95,False
1910,Consumer,Taipa,31,False
1911,Consumer,Macau Peninsula,109,False
1912,Consumer,Coloane,90,False
1913,Consumer,Macau Peninsula,76,True
1914,Consumer,Other,4,False
1915,Consumer,Macau Peninsula,74,False
1916,Consumer,Macau Peninsula,117,True
1917,Consumer,Macau Peninsula,67,False
1918,Consumer,Macau Peninsula,34,False
1919,Business,Macau Peninsula,42,False
1920,Consumer,Taipa,101,False
1921,Consumer,Taipa,27,False
1922,Consumer,Taipa,49,True
1923,Consumer,Other,2,False
1924,Consumer,Other,108,False
1925,Consumer,Coloane,63,False
1926,Consumer,Coloane,38,False
1927,Consumer,Macau Peninsula,30,True
1928,Consumer,Other,4,True
1929,Consumer,Other,87,True
1930,Business,Taipa,40,False
1931,Consumer,Taipa,63,False
1932,Consumer,Taipa,36,False
1933,Consumer,Taipa,20,False
1934,Consumer,Macau Peninsula,102,False
1935,Business,Macau Peninsula,57,False
1936,Consumer,Taipa,22,False
1937,Consumer,Macau Peninsula,94,False
1938,Consumer,Macau Peninsula,110,False
1939,Consumer,Macau Peninsula,96,False
1940,Business,Macau Peninsula,70,False
1941,Consumer,Macau Peninsula,6,False
1942,Consumer,Taipa,72,False
1943,Consumer,Macau Peninsula,1,False
1944,Consumer,Other,104,False
1945,Business,Other,76,False
1946,Consumer,Macau Peninsula,68,False
1947,Business,Macau Peninsula,43,False
1948,Consumer,Macau Peninsula,31,False
1949,Business,Taipa,55,False
1950,Consumer,Taipa,75,False
1951,Business,Macau Peninsula,4,True
1952,Consumer,Taipa,35,False
1953,Consumer,Macau Peninsula,83,False
1954,Consumer,Taipa,9,False
1955,Consumer,Macau Peninsula,32,False
1956,Consumer,Macau Peninsula,113,False
1957,Consumer,Taipa,42,False
1958,Consumer,Macau Peninsula,112,False
1959,Consumer,Taipa,97,False
1960,Business,Taipa,55,False
1961,Consumer,Macau Peninsula,31,True
1962,Consumer,Macau Peninsula,102,True
1963,Business,Taipa,45,False
1964,Consumer,Taipa,10,False
1965,Consumer,Coloane,100,False
1966,Business,Macau Peninsula,13,False
1967,Consumer,Taipa,26,False
1968,Consumer,Macau Peninsula,16,False
1969,Business,Coloane,21,False
1970,Consumer,Macau Peninsula,87,False
1971,Business,Macau Peninsula,117,False
1972,Consumer,Macau Peninsula,75,False
1973,Business,Taipa,2,False
1974,Consumer,Taipa,20,False
1975,Consumer,Macau Peninsula,36,False
1976,Consumer,Macau Peninsula,101,False
1977,Consumer,Other,53,False
1978,Consumer,Macau Peninsula,57,False
1979,Consumer,Coloane,45,False
1980,Consumer,Macau Peninsula,97,False
1981,Consumer,Macau Peninsula,97,False
1982,Consumer,Macau Peninsula,34,False
1983,Consumer,Coloane,13,False
1984,Consumer,Macau Peninsula,5,False
1985,Business,Macau Peninsula,89,False
1986,Consumer,Macau Peninsula,84,False
1987,Consumer,Macau Peninsula,109,True
1988,Consumer,Macau Peninsula,24,False
1989,Consumer,Macau Peninsula,11,False
1990,Consumer,Macau Peninsula,84,True
1991,Consumer,Macau Peninsula,18,False
1992,Business,Macau Peninsula,9,False
1993,Consumer,Macau Peninsula,98,False
1994,Consumer,Other,24,False
1995,Consumer,Macau Peninsula,33,False
1996,Business,Taipa,98,False
1997,Consumer,Macau Peninsula,119,False
1998,Consumer,Taipa,77,False
1999,Business,Macau Peninsula,6,True
2000,Consumer,Macau Peninsula,33,True
2001,Consumer,Macau Peninsula,106,False
2002,Consumer,Macau Peninsula,118,False
2003,Consumer,Taipa,64,False
2004,Consumer,Macau Peninsula,115,False
2005,Consumer,Taipa,84,False
2006,Consumer,Taipa,35,True
2007,Consumer,Taipa,43,True
2008,Consumer,Macau Peninsula,111,False
2009,Business,Taipa,46,False
2010,Consumer,Other,107,False
2011,Consumer,Macau Peninsula,92,False
2012,Business,Taipa,88,False
2013,Consumer,Taipa,68,False
2014,Consumer,Taipa,68,True
2015,Consumer,Macau Peninsula,71,False
2016,Consumer,Macau Peninsula,38,True
2017,Consumer,Macau Peninsula,37,False
2018,Consumer,Taipa,27,True
2019,Consumer,Macau Peninsula,63,True
2020,Consumer,Taipa,85,False
2021,Business,Taipa,72,False
2022,Consumer,Macau Peninsula,92,False
2023,Consumer,Coloane,29,False
2024,Business,Taipa,92,False
2025,Consumer,Macau Peninsula,119,False
2026,Consumer,Other,102,False
2027,Consumer,Other,118,False
2028,Business,Coloane,92,True
2029,Business,Macau Peninsula,62,False
2030,Consumer,Taipa,100,False
2031,Consumer,Macau Peninsula,74,False
2032,Consumer,Macau Peninsula,58,False
2033,Consumer,Taipa,19,False
2034,Consumer,Taipa,28,False
2035,Consumer,Macau Peninsula,16,False
2036,Business,Macau Peninsula,61,False
2037,Consumer,Macau Peninsula,19,True
2038,Consumer,Taipa,17,False
2039,Consumer,Macau Peninsula,13,False
2040,Consumer,Macau Peninsula,2,True
2041,Business,Macau Peninsula,26,False
2042,Consumer,Macau Peninsula,76,True
2043,Consumer,Taipa,47,False
2044,Business,Macau Peninsula,14,False
2045,Consumer,Macau Peninsula,67,False
2046,Consumer,Macau Peninsula,5,False
2047,Business,Macau Peninsula,111,False
2048,Business,Coloane,57,False
2049,Consumer,Macau Peninsula,91,True
2050,Business,Macau Peninsula,10,False
2051,Consumer,Macau Peninsula,79,False
2052,Consumer,Macau Peninsula,78,False
2053,Consumer,Macau Peninsula,74,False
2054,Consumer,Macau Peninsula,24,False
2055,Consumer,Macau Peninsula,5,True
2056,Business,Macau Peninsula,61,False
2057,Consumer,Other,51,True
2058,Consumer,Taipa,101,False
2059,Consumer,Macau Peninsula,101,False
2060,Consumer,Macau Peninsula,105,False
2061,Consumer,Taipa,98,True
2062,Consumer,Taipa,36,False
2063,Consumer,Macau Peninsula,101,False
2064,Consumer,Taipa,57,False
2065,Consumer,Coloane,29,False
2066,Consumer,Macau Peninsula,86,False
2067,Consumer,Macau Peninsula,70,False
2068,Consumer,Macau Peninsula,91,False
2069,Business,Macau Peninsula,49,False
2070,Consumer,Taipa,97,False
2071,Business,Macau Peninsula,31,False
2072,Consumer,Macau Peninsula,32,False
2073,Consumer,Macau Peninsula,31,False
2074,Business,Macau Peninsula,91,False
2075,Consumer,Taipa,48,False
2076,Consumer,Macau Peninsula,10,False
2077,Business,Macau Peninsula,8,False
2078,Consumer,Coloane,96,False
2079,Consumer,Macau Peninsula,10,False
2080,Consumer,Taipa,7,False
2081,Consumer,Macau Peninsula,92,False
2082,Consumer,Taipa,32,False
2083,Consumer,Macau Peninsula,96,False
2084,Consumer,Macau Peninsula,4,False
2085,Consumer,Macau Peninsula,23,False
2086,Consumer,Macau Peninsula,117,False
2087,Consumer,Taipa,95,False
2088,Consumer,Taipa,105,False
2089,Consumer,Taipa,116,False
2090,Consumer,Other,60,False
2091,Consumer,Macau Peninsula,44,True
2092,Consumer,Macau Peninsula,69,True
2093,Consumer,Other,83,False
2094,Consumer,Taipa,61,False
2095,Consumer,Taipa,90,False
2096,Consumer,Macau Peninsula,30,False
2097,Consumer,Coloane,37,False
2098,Consumer,Taipa,63,False
2099,Consumer,Taipa,113,False
2100,Business,Taipa,22,False
2101,Business,Macau Peninsula,15,False
2102,Consumer,Other,50,False
2103,Consumer,Other,29,False
2104,Consumer,Coloane,79,True
2105,Consumer,Taipa,69,False
2106,Business,Macau Peninsula,11,True
2107,Consumer,Macau Peninsula,104,False
2108,Consumer,Macau Peninsula,12,False
2109,Consumer,Macau Peninsula,61,False
2110,Consumer,Macau Peninsula,61,False
2111,Business,Macau Peninsula,33,False
2112,Consumer,Other,4,False
2113,Consumer,Taipa,10,True
2114,Business,Macau Peninsula,114,True
2115,Business,Taipa,84,False
2116,Consumer,Macau Peninsula,71,False
2117,Consumer,Macau Peninsula,80,False
2118,Consumer,Macau Peninsula,58,True
2119,Consumer,Macau Peninsula,56,False
2120,Consumer,Coloane,73,False
2121,Business,Taipa,85,False
2122,Consumer,Taipa,8,True
2123,Consumer,Macau Peninsula,1,False
2124,Consumer,Taipa,65,False
2125,Consumer,Macau Peninsula,73,False
2126,Consumer,Macau Peninsula,87,False
2127,Consumer,Coloane,28,False
2128,Consumer,Macau Peninsula,85,False
2129,Consumer,Macau Peninsula,83,False
2130,Consumer,Macau Peninsula,41,False
2131,Consumer,Taipa,111,False
2132,Consumer,Other,85,True
2133,Consumer,Macau Peninsula,22,False
2134,Consumer,Macau Peninsula,81,False
2135,Consumer,Macau Peninsula,69,False
2136,Consumer,Macau Peninsula,30,False
2137,Business,Macau Peninsula,108,False
2138,Consumer,Coloane,113,True
2139,Consumer,Macau Peninsula,111,False
2140,Consumer,Macau Peninsula,47,False
2141,Consumer,Other,82,False
2142,Consumer,Macau Peninsula,92,True
2143,Consumer,Macau Peninsula,82,False
2144,Consumer,Macau Peninsula,17,False
2145,Consumer,Taipa,81,False
2146,Consumer,Macau Peninsula,87,False
2147,Business,Macau Peninsula,108,False
2148,Consumer,Taipa,36,False
2149,Consumer,Macau Peninsula,32,False
2150,Consumer,Coloane,84,False
2151,Consumer,Taipa,114,False
2152,Consumer,Macau Peninsula,2,False
2153,Consumer,Macau Peninsula,22,False
2154,Consumer,Taipa,112,False
2155,Consumer,Macau Peninsula,103,True
2156,Consumer,Macau Peninsula,44,False
2157,Consumer,Macau Peninsula,25,False
2158,Consumer,Macau Peninsula,54,False
2159,Consumer,Macau Peninsula,8,True
2160,Consumer,Taipa,39,False
2161,Business,Macau Peninsula,25,False
2162,Consumer,Macau Peninsula,27,False
2163,Consumer,Taipa,29,False
2164,Consumer,Other,65,False
2165,Business,Macau Peninsula,6,True
2166,Consumer,Macau Peninsula,64,False
2167,Consumer,Coloane,82,False
2168,Business,Macau Peninsula,90,True
2169,Consumer,Taipa,46,True
2170,Consumer,Macau Peninsula,70,False
2171,Consumer,Macau Peninsula,106,False
2172,Consumer,Taipa,14,False
2173,Consumer,Macau Peninsula,23,False
2174,Consumer,Taipa,60,False
2175,Consumer,Macau Peninsula,58,False
2176,Consumer,Taipa,70,True
2177,Consumer,Macau Peninsula,75,False
2178,Business,Other,28,False
2179,Business,Macau Peninsula,11,False
2180,Business,Macau Peninsula,107,False
2181,Consumer,Taipa,46,False
2182,Consumer,Macau Peninsula,57,False
2183,Consumer,Taipa,85,True
2184,Consumer,Coloane,109,False
2185,Consumer,Taipa,109,False
2186,Consumer,Macau Peninsula,31,False
2187,Consumer,Macau Peninsula,19,False
2188,Consumer,Macau Peninsula,88,True
2189,Consumer,Taipa,70,False
2190,Business,Taipa,37,False
2191,Consumer,Taipa,117,False
2192,Consumer,Taipa,53,False
2193,Consumer,Macau Peninsula,111,True
2194,Business,Macau Peninsula,42,False
2195,Business,Taipa,57,False
2196,Consumer,Other,118,False
2197,Business,Macau Peninsula,11,True
2198,Consumer,Macau Peninsula,13,False
2199,Consumer,Macau Peninsula,10,True
2200,Consumer,Macau Peninsula,24,False
2201,Consumer,Taipa,79,False
2202,Consumer,Other,38,False
2203,Business,Macau Peninsula,81,False
2204,Consumer,Macau Peninsula,70,False
2205,Consumer,Macau Peninsula,102,False
2206,Consumer,Taipa,86,True
2207,Consumer,Macau Peninsula,92,False
2208,Consumer,Macau Peninsula,10,True
2209,Consumer,Coloane,69,False
2210,Consumer,Macau Peninsula,16,False
2211,Consumer,Taipa,68,True
2212,Consumer,Macau Peninsula,77,True
2213,Consumer,Macau Peninsula,62,False
2214,Consumer,Taipa,58,False
2215,Consumer,Other,57,True
2216,Consumer,Macau Peninsula,51,False
2217,Consumer,Macau Peninsula,96,False
2218,Consumer,Macau Peninsula,87,True
2219,Consumer,Macau Peninsula,41,True
2220,Consumer,Macau Peninsula,22,False
2221,Consumer,Taipa,65,False
2222,Business,Other,17,False
2223,Consumer,Macau Peninsula,61,False
2224,Consumer,Macau Peninsula,104,False
2225,Business,Taipa,115,False
2226,Consumer,Other,105,False
2227,Consumer,Taipa,104,False
2228,Consumer,Macau Peninsula,99,False
2229,Consumer,Macau Peninsula,51,False
2230,Consumer,Other,116,False
2231,Consumer,Macau Peninsula,30,True
2232,Consumer,Macau Peninsula,30,True
2233,Consumer,Macau Peninsula,70,False
2234,Consumer,Taipa,108,False
2235,Consumer,Other,84,False
2236,Consumer,Taipa,57,False
2237,Consumer,Macau Peninsula,43,False
2238,Consumer,Macau Peninsula,34,False
2239,Business,Macau Peninsula,14,False
2240,Consumer,Macau Peninsula,7,False
2241,Consumer,Other,61,False
2242,Consumer,Macau Peninsula,117,True
2243,Consumer,Taipa,117,False
2244,Business,Coloane,26,True
2245,Consumer,Macau Peninsula,112,False
2246,Consumer,Taipa,45,False
2247,Consumer,Other,20,False
2248,Business,Macau Peninsula,114,False
2249,Business,Taipa,11,False
2250,Business,Other,11,False
2251,Consumer,Taipa,39,False
2252,Business,Macau Peninsula,120,True
2253,Consumer,Taipa,35,False
2254,Consumer,Coloane,9,False
2255,Business,Taipa,47,False
2256,Consumer,Taipa,110,False
2257,Consumer,Coloane,67,True
2258,Consumer,Other,78,True
2259,Consumer,Macau Peninsula,118,False
2260,Business,Other,108,True
2261,Consumer,Macau Peninsula,111,False
2262,Consumer,Other,4,False
2263,Business,Coloane,81,False
2264,Consumer,Macau Peninsula,31,False
2265,Consumer,Macau Peninsula,91,False
2266,Consumer,Macau Peninsula,96,False
2267,Business,Macau Peninsula,116,False
2268,Consumer,Taipa,16,False
2269,Business,Taipa,87,False
2270,Consumer,Macau Peninsula,31,False
2271,Consumer,Macau Peninsula,14,True
2272,Consumer,Taipa,14,False
2273,Consumer,Taipa,106,False
2274,Consumer,Taipa,115,False
2275,Consumer,Taipa,4,False
2276,Consumer,Macau Peninsula,17,False
2277,Consumer,Macau Peninsula,115,True
2278,Business,Macau Peninsula,69,True
2279,Business,Taipa,104,False
2280,Business,Macau Peninsula,72,False
2281,Consumer,Taipa,99,True
2282,Consumer,Macau Peninsula,35,False
2283,Consumer,Taipa,21,False
2284,Consumer,Taipa,66,False
2285,Consumer,Taipa,57,True
2286,Consumer,Taipa,53,False
2287,Consumer,Other,68,False
2288,Consumer,Macau Peninsula,38,False
2289,Consumer,Macau Peninsula,112,False
2290,Consumer,Taipa,52,False
2291,Consumer,Macau Peninsula,89,True
2292,Consumer,Macau Peninsula,92,False
2293,Consumer,Macau Peninsula,38,False
2294,Business,Macau Peninsula,43,False
2295,Consumer,Other,111,False
2296,Consumer,Taipa,66,False
2297,Consumer,Taipa,44,False
2298,Consumer,Taipa,61,False
2299,Consumer,Taipa,78,True
2300,Consumer,Macau Peninsula,9,False
2301,Consumer,Macau Peninsula,6,False
2302,Consumer,Other,34,False
2303,Consumer,Macau Peninsula,85,False
2304,Consumer,Macau Peninsula,9,False
2305,Consumer,Taipa,17,False
2306,Consumer,Taipa,80,False
2307,Consumer,Macau Peninsula,51,False
2308,Consumer,Other,117,False
2309,Consumer,Taipa,99,False
2310,Consumer,Taipa,117,False
2311,Consumer,Macau Peninsula,72,False
2312,Consumer,Macau Peninsula,34,False
2313,Consumer,Macau Peninsula,78,True
2314,Consumer,Other,11,False
2315,Business,Taipa,29,False
2316,Business,Macau Peninsula,45,False
2317,Consumer,Macau Peninsula,73,False
2318,Business,Macau Peninsula,19,False
2319,Consumer,Macau Peninsula,64,False
2320,Consumer,Macau Peninsula,91,False
2321,Consumer,Macau Peninsula,38,False
2322,Consumer,Other,45,False
2323,Consumer,Macau Peninsula,2,False
2324,Consumer,Other,81,False
2325,Consumer,Macau Peninsula,113,True
2326,Consumer,Macau Peninsula,27,False
2327,Consumer,Macau Peninsula,66,False
2328,Consumer,Taipa,61,False
2329,Consumer,Macau Peninsula,41,False
2330,Consumer,Macau Peninsula,53,False
2331,Consumer,Macau Peninsula,41,False
2332,Consumer,Macau Peninsula,6,False
2333,Consumer,Taipa,77,False
2334,Business,Taipa,12,False
2335,Consumer,Other,66,False
2336,Consumer,Macau Peninsula,105,False
2337,Consumer,Macau Peninsula,24,True
2338,Consumer,Taipa,33,True
2339,Consumer,Taipa,95,False
2340,Consumer,Macau Peninsula,2,False
2341,Consumer,Taipa,50,False
2342,Consumer,Other,36,False
2343,Consumer,Macau Peninsula,93,False
2344,Consumer,Macau Peninsula,83,False
2345,Consumer,Macau Peninsula,104,False
2346,Consumer,Macau Peninsula,6,False
2347,Consumer,Macau Peninsula,44,False
2348,Consumer,Macau Peninsula,37,True
2349,Consumer,Macau Peninsula,86,False
2350,Consumer,Other,1,False
2351,Business,Taipa,37,False
2352,Consumer,Coloane,51,False
2353,Consumer,Macau Peninsula,82,True
2354,Business,Macau Peninsula,46,False
2355,Consumer,Macau Peninsula,76,False
2356,Consumer,Taipa,78,False
2357,Consumer,Other,99,False
2358,Consumer,Macau Peninsula,101,False
2359,Consumer,Taipa,52,False
2360,Consumer,Macau Peninsula,102,True
2361,Consumer,Macau Peninsula,78,False
2362,Consumer,Macau Peninsula,12,True
2363,Consumer,Macau Peninsula,96,False
2364,Consumer,Macau Peninsula,113,False
2365,Consumer,Taipa,3,True
2366,Consumer,Macau Peninsula,27,True
2367,Business,Macau Peninsula,14,True
2368,Consumer,Taipa,67,False
2369,Consumer,Macau Peninsula,91,False
2370,Business,Macau Peninsula,66,False
2371,Consumer,Taipa,27,False
2372,Consumer,Taipa,16,False
2373,Consumer,Taipa,28,False
2374,Consumer,Other,27,False
2375,Consumer,Taipa,34,False
2376,Consumer,Macau Peninsula,113,False
2377,Consumer,Taipa,17,False
2378,Consumer,Macau Peninsula,79,False
2379,Consumer,Taipa,120,True
2380,Consumer,Other,97,False
2381,Business,Macau Peninsula,28,False
2382,Business,Macau Peninsula,58,False
2383,Consumer,Coloane,48,False
2384,Consumer,Other,43,False
2385,Consumer,Macau Peninsula,31,False
2386,Consumer,Taipa,74,True
2387,Consumer,Macau Peninsula,5,False
2388,Consumer,Macau Peninsula,104,False
2389,Consumer,Macau Peninsula,30,True
2390,Consumer,Macau Peninsula,37,False
2391,Consumer,Macau Peninsula,110,True
2392,Consumer,Macau Peninsula,111,False
2393,Consumer,Other,85,False
2394,Consumer,Macau Peninsula,98,False
2395,Consumer,Macau Peninsula,103,True
2396,Consumer,Macau Peninsula,92,False
2397,Consumer,Macau Peninsula,81,False
2398,Consumer,Macau Peninsula,16,True
2399,Consumer,Macau Peninsula,58,False
2400,Consumer,Coloane,58,True
2401,Business,Macau Peninsula,65,False
2402,Consumer,Other,63,False
2403,Consumer,Other,73,False
2404,Business,Taipa,10,False
2405,Consumer,Macau Peninsula,87,False
2406,Consumer,Macau Peninsula,101,False
2407,Consumer,Other,10,False
2408,Consumer,Other,16,True
2409,Consumer,Macau Peninsula,11,False
2410,Consumer,Taipa,17,False
2411,Consumer,Taipa,76,False
2412,Consumer,Macau Peninsula,7,False
2413,Consumer,Macau Peninsula,109,True
2414,Consumer,Coloane,96,True
2415,Consumer,Macau Peninsula,51,False
2416,Consumer,Taipa,53,False
2417,Consumer,Macau Peninsula,65,False
2418,Business,Coloane,111,True
2419,Consumer,Macau Peninsula,108,False
2420,Business,Macau Peninsula,112,False
2421,Consumer,Taipa,71,False
2422,Consumer,Taipa,97,False
2423,Consumer,Taipa,18,False
2424,Consumer,Taipa,25,False
2425,Consumer,Taipa,25,False
2426,Consumer,Other,37,True
2427,Consumer,Taipa,9,False
2428,Consumer,Macau Peninsula,53,False
2429,Consumer,Macau Peninsula,65,False
2430,Consumer,Other,89,False
2431,Business,Taipa,113,False
2432,Consumer,Macau Peninsula,115,False
2433,Consumer,Other,114,False
2434,Consumer,Macau Peninsula,44,True
2435,Consumer,Other,67,False
2436,Business,Other,79,False
2437,Business,Macau Peninsula,65,False
2438,Consumer,Coloane,83,False
2439,Consumer,Macau Peninsula,52,False
2440,Consumer,Other,57,False
2441,Consumer,Coloane,3,True
2442,Consumer,Taipa,108,False
2443,Consumer,Taipa,97,False
2444,Consumer,Other,39,False
2445,Consumer,Macau Peninsula,27,True
2446,Consumer,Coloane,94,True
2447,Business,Other,18,False
2448,Consumer,Taipa,31,False
2449,Consumer,Taipa,62,False
2450,Consumer,Taipa,16,False
2451,Consumer,Taipa,114,False
2452,Consumer,Macau Peninsula,117,True
2453,Consumer,Taipa,65,True
2454,Consumer,Macau Peninsula,80,False
2455,Business,Taipa,98,False
2456,Business,Taipa,35,False
2457,Business,Taipa,38,False
2458,Consumer,Taipa,100,False
2459,Business,Macau Peninsula,100,False
2460,Consumer,Taipa,47,True
2461,Consumer,Macau Peninsula,23,False
2462,Consumer,Macau Peninsula,27,True
2463,Consumer,Macau Peninsula,13,True
2464,Consumer,Macau Peninsula,24,False
2465,Business,Taipa,5,False
2466,Consumer,Macau Peninsula,35,True
2467,Consumer,Taipa,82,False
2468,Business,Macau Peninsula,77,True
2469,Business,Coloane,66,False
2470,Consumer,Macau Peninsula,116,False
2471,Consumer,Taipa,90,False
2472,Consumer,Taipa,41,False
2473,Consumer,Taipa,119,False
2474,Business,Macau Peninsula,71,False
2475,Consumer,Taipa,98,True
2476,Business,Macau Peninsula,64,False
2477,Consumer,Other,85,False
2478,Consumer,Other,119,False
2479,Consumer,Taipa,13,False
2480,Consumer,Macau Peninsula,45,False
2481,Consumer,Taipa,26,True
2482,Consumer,Macau Peninsula,67,False
2483,Consumer,Macau Peninsula,87,False
2484,Consumer,Macau Peninsula,55,False
2485,Consumer,Macau Peninsula,86,False
2486,Consumer,Taipa,9,False
2487,Consumer,Macau Peninsula,72,False
2488,Consumer,Macau Peninsula,94,False
2489,Consumer,Macau Peninsula,90,False
2490,Business,Taipa,49,False
2491,Consumer,Macau Peninsula,37,False
2492,Consumer,Macau Peninsula,115,False
2493,Consumer,Macau Peninsula,74,False
2494,Consumer,Macau Peninsula,37,False
2495,Consumer,Macau Peninsula,86,False
2496,Consumer,Macau Peninsula,19,False
2497,Consumer,Macau Peninsula,33,False
2498,Consumer,Taipa,9,False
2499,Consumer,Macau Peninsula,44,False
2500,Consumer,Macau Peninsula,62,False
2501,Consumer,Macau Peninsula,29,True
2502,Consumer,Macau Peninsula,67,False
2503,Consumer,Coloane,100,False
2504,Consumer,Macau Peninsula,68,True
2505,Consumer,Macau Peninsula,79,False
2506,Business,Other,98,False
2507,Consumer,Taipa,54,False
2508,Consumer,Coloane,94,False
2509,Business,Other,40,True
2510,Consumer,Macau Peninsula,117,True
2511,Business,Macau Peninsula,6,True
2512,Consumer,Taipa,15,True
2513,Consumer,Macau Peninsula,90,False
2514,Consumer,Other,91,False
2515,Consumer,Taipa,12,False
2516,Consumer,Macau Peninsula,97,False
2517,Consumer,Taipa,114,False
2518,Consumer,Taipa,5,False
2519,Consumer,Taipa,97,True
2520,Consumer,Coloane,54,False
2521,Consumer,Macau Peninsula,15,True
2522,Business,Macau Peninsula,81,False
2523,Consumer,Macau Peninsula,108,False
2524,Business,Macau Peninsula,1,False
2525,Consumer,Macau Peninsula,37,False
2526,Consumer,Other,76,False
2527,Consumer,Taipa,15,True
2528,Consumer,Macau Peninsula,87,False
2529,Consumer,Coloane,71,False
2530,Consumer,Macau Peninsula,39,False
2531,Business,Macau Peninsula,59,False
2532,Consumer,Macau Peninsula,51,False
2533,Consumer,Coloane,43,False
2534,Consumer,Macau Peninsula,64,False
2535,Consumer,Macau Peninsula,65,False
2536,Consumer,Taipa,56,False
2537,Business,Macau Peninsula,76,False
2538,Consumer,Macau Peninsula,96,False
2539,Consumer,Taipa,100,False
2540,Consumer,Macau Peninsula,45,True
2541,Consumer,Coloane,88,True
2542,Business,Coloane,66,False
2543,Consumer,Taipa,28,False
2544,Consumer,Other,66,False
2545,Business,Other,32,True
2546,Consumer,Taipa,1,True
2547,Consumer,Macau Peninsula,69,False
2548,Business,Macau Peninsula,77,False
2549,Business,Taipa,54,False
2550,Consumer,Macau Peninsula,64,False
2551,Consumer,Taipa,100,False
2552,Consumer,Macau Peninsula,96,False
2553,Consumer,Macau Peninsula,7,False
2554,Consumer,Macau Peninsula,97,False
2555,Consumer,Coloane,65,False
2556,Consumer,Macau Peninsula,86,False
2557,Business,Macau Peninsula,37,False
2558,Business,Taipa,92,False
2559,Consumer,Coloane,3,False
2560,Consumer,Macau Peninsula,108,False
2561,Consumer,Coloane,32,False
2562,Consumer,Taipa,95,False
2563,Consumer,Taipa,12,True
2564,Consumer,Macau Peninsula,68,False
2565,Consumer,Macau Peninsula,103,False
2566,Consumer,Other,99,False
2567,Consumer,Taipa,33,False
2568,Consumer,Macau Peninsula,97,True
2569,Consumer,Taipa,24,True
2570,Consumer,Macau Peninsula,14,False
2571,Consumer,Macau Peninsula,16,False
2572,Consumer,Macau Peninsula,52,False
2573,Consumer,Taipa,115,False
2574,Business,Macau Peninsula,87,False
2575,Consumer,Macau Peninsula,113,True
2576,Consumer,Macau Peninsula,25,False
2577,Consumer,Taipa,103,False
2578,Consumer,Macau Peninsula,22,False
2579,Consumer,Taipa,118,False
2580,Consumer,Macau Peninsula,89,True
2581,Consumer,Taipa,12,False
2582,Consumer,Macau Peninsula,44,True
2583,Consumer,Macau Peninsula,90,True
2584,Consumer,Other,104,True
2585,Business,Taipa,120,False
2586,Consumer,Macau Peninsula,49,False
2587,Consumer,Other,15,False
2588,Consumer,Taipa,63,False
2589,Consumer,Macau Peninsula,4,False
2590,Consumer,Taipa,50,False
2591,Consumer,Taipa,12,True
2592,Consumer,Other,62,False
2593,Consumer,Macau Peninsula,62,False
2594,Consumer,Macau Peninsula,75,False
2595,Business,Macau Peninsula,74,False
2596,Consumer,Other,21,False
2597,Consumer,Taipa,39,False
2598,Consumer,Macau Peninsula,18,False
2599,Consumer,Other,113,False
2600,Consumer,Macau Peninsula,3,False
2601,Business,Macau Peninsula,62,True
2602,Consumer,Taipa,80,False
2603,Consumer,Other,45,False
2604,Consumer,Taipa,86,False
2605,Business,Macau Peninsula,12,True
2606,Consumer,Taipa,14,True
2607,Business,Taipa,20,False
2608,Consumer,Other,16,False
2609,Consumer,Macau Peninsula,77,False
2610,Consumer,Macau Peninsula,42,True
2611,Consumer,Other,84,False
2612,Consumer,Macau Peninsula,113,False
2613,Consumer,Other,58,False
2614,Consumer,Macau Peninsula,62,True
2615,Consumer,Macau Peninsula,34,False
2616,Consumer,Macau Peninsula,97,False
2617,Consumer,Macau Peninsula,7,False
2618,Consumer,Macau Peninsula,26,False
2619,Consumer,Other,109,False
2620,Consumer,Macau Peninsula,97,False
2621,Consumer,Macau Peninsula,106,True
2622,Business,Macau Peninsula,7,False
2623,Business,Macau Peninsula,4,False
2624,Consumer,Coloane,84,False
2625,Consumer,Macau Peninsula,89,True
2626,Consumer,Taipa,3,False
2627,Business,Macau Peninsula,11,False
2628,Consumer,Macau Peninsula,28,False
2629,Business,Macau Peninsula,79,False
2630,Consumer,Taipa,99,False
2631,Business,Taipa,83,False
2632,Consumer,Macau Peninsula,4,False
2633,Consumer,Other,61,False
2634,Consumer,Macau Peninsula,1,False
2635,Consumer,Taipa,120,True
2636,Consumer,Other,78,True
2637,Consumer,Other,43,False
2638,Business,Other,34,False
2639,Business,Macau Peninsula,81,False
2640,Consumer,Coloane,39,False
2641,Business,Macau Peninsula,32,False
2642,Consumer,Macau Peninsula,66,False
2643,Consumer,Macau Peninsula,28,True
2644,Consumer,Other,46,True
2645,Consumer,Taipa,24,False
2646,Consumer,Taipa,51,False
2647,Consumer,Taipa,25,False
2648,Consumer,Macau Peninsula,6,True
2649,Consumer,Taipa,62,True
2650,Consumer,Macau Peninsula,38,False
2651,Consumer,Macau Peninsula,120,True
2652,Consumer,Macau Peninsula,72,False
2653,Business,Macau Peninsula,94,True
2654,Consumer,Macau Peninsula,36,False
2655,Business,Other,18,True
2656,Consumer,Taipa,93,False
2657,Consumer,Macau Peninsula,84,False
2658,Consumer,Macau Peninsula,91,False
2659,Consumer,Macau Peninsula,58,False
2660,Consumer,Macau Peninsula,103,False
2661,Consumer,Macau Peninsula,118,False
2662,Consumer,Macau Peninsula,76,False
2663,Consumer,Macau Peninsula,109,False
2664,Consumer,Macau Peninsula,88,True
2665,Business,Macau Peninsula,4,False
2666,Consumer,Other,82,False
2667,Business,Macau Peninsula,55,False
2668,Consumer,Macau Peninsula,57,False
2669,Consumer,Macau Peninsula,38,True
2670,Consumer,Macau Peninsula,90,False
2671,Consumer,Coloane,79,True
2672,Consumer,Taipa,63,True
2673,Consumer,Macau Peninsula,83,True
2674,Consumer,Macau Peninsula,103,False
2675,Consumer,Other,44,True
2676,Consumer,Taipa,20,False
2677,Consumer,Macau Peninsula,70,False
2678,Consumer,Macau Peninsula,103,False
2679,Consumer,Macau Peninsula,65,False
2680,Business,Macau Peninsula,26,False
2681,Consumer,Macau Peninsula,64,False
2682,Consumer,Taipa,10,False
2683,Business,Taipa,95,False
2684,Consumer,Macau Peninsula,28,False
2685,Consumer,Macau Peninsula,12,False
2686,Consumer,Taipa,89,True
2687,Consumer,Taipa,105,False
2688,Consumer,Coloane,100,False
2689,Consumer,Taipa,10,False
2690,Consumer,Other,72,True
2691,Consumer,Macau Peninsula,111,False
2692,Consumer,Taipa,25,False
2693,Consumer,Macau Peninsula,40,True
2694,Consumer,Other,97,False
2695,Consumer,Macau Peninsula,79,False
2696,Business,Taipa,69,True
2697,Consumer,Macau Peninsula,73,True
2698,Consumer,Other,9,False
2699,Consumer,Taipa,59,False
2700,Consumer,Macau Peninsula,120,False
2701,Consumer,Taipa,16,False
2702,Consumer,Taipa,56,True
2703,Business,Macau Peninsula,75,False
2704,Business,Taipa,59,False
2705,Consumer,Macau Peninsula,85,True
2706,Consumer,Macau Peninsula,81,False
2707,Consumer,Macau Peninsula,70,False
2708,Business,Macau Peninsula,99,False
2709,Consumer,Macau Peninsula,92,False
2710,Consumer,Macau Peninsula,85,False
2711,Consumer,Other,47,False
2712,Consumer,Coloane,87,False
2713,Business,Macau Peninsula,73,False
2714,Consumer,Coloane,65,False
2715,Consumer,Taipa,106,False
2716,Consumer,Taipa,96,False
2717,Consumer,Other,86,True
2718,Consumer,Macau Peninsula,61,False
2719,Consumer,Macau Peninsula,11,False
2720,Consumer,Taipa,103,False
2721,Consumer,Other,15,False
2722,Consumer,Other,95,False
2723,Business,Macau Peninsula,41,False
2724,Consumer,Macau Peninsula,92,True
2725,Consumer,Taipa,102,False
2726,Consumer,Taipa,105,False
2727,Consumer,Taipa,85,False
2728,Business,Taipa,73,True
2729,Consumer,Taipa,65,False
2730,Consumer,Taipa,14,True
2731,Consumer,Taipa,65,False
2732,Consumer,Macau Peninsula,48,True
2733,Consumer,Other,76,False
2734,Consumer,Macau Peninsula,99,False
2735,Business,Macau Peninsula,30,False
2736,Consumer,Macau Peninsula,93,False
2737,Consumer,Coloane,120,False
2738,Business,Taipa,72,False
2739,Consumer,Macau Peninsula,34,False
2740,Consumer,Taipa,11,False
2741,Consumer,Macau Peninsula,66,True
2742,Consumer,Taipa,69,False
2743,Consumer,Taipa,18,False
2744,Consumer,Taipa,47,False
2745,Consumer,Taipa,30,False
2746,Consumer,Macau Peninsula,68,False
2747,Consumer,Macau Peninsula,90,True
2748,Consumer,Taipa,37,False
2749,Consumer,Macau Peninsula,76,False
2750,Consumer,Macau Peninsula,78,False
2751,Consumer,Macau Peninsula,75,False
2752,Business,Other,111,False
2753,Consumer,Macau Peninsula,55,True
2754,Consumer,Macau Peninsula,47,True
2755,Consumer,Macau Peninsula,34,True
2756,Consumer,Macau Peninsula,65,False
2757,Consumer,Taipa,119,False
2758,Consumer,Macau Peninsula,76,False
2759,Consumer,Taipa,45,False
2760,Consumer,Macau Peninsula,99,False
2761,Consumer,Taipa,86,False
2762,Consumer,Macau Peninsula,88,False
2763,Consumer,Macau Peninsula,88,False
2764,Consumer,Macau Peninsula,1,False
2765,Consumer,Macau Peninsula,15,False
2766,Consumer,Macau Peninsula,61,False
2767,Consumer,Macau Peninsula,22,False
2768,Consumer,Coloane,43,False
2769,Consumer,Coloane,47,True
2770,Consumer,Macau Peninsula,111,True
2771,Consumer,Taipa,66,False
2772,Consumer,Macau Peninsula,104,False
2773,Consumer,Coloane,80,False
2774,Consumer,Macau Peninsula,36,False
2775,Consumer,Macau Peninsula,17,False
2776,Consumer,Taipa,58,True
2777,Consumer,Taipa,26,True
2778,Consumer,Taipa,86,True
2779,Business,Other,3,True
2780,Consumer,Macau Peninsula,1,False
2781,Business,Coloane,116,False
2782,Business,Macau Peninsula,75,False
2783,Consumer,Taipa,3,False
2784,Consumer,Taipa,72,True
2785,Consumer,Taipa,114,False
2786,Consumer,Macau Peninsula,118,False
2787,Consumer,Macau Peninsula,6,False
2788,Consumer,Macau Peninsula,86,False
2789,Consumer,Macau Peninsula,49,False
2790,Consumer,Macau Peninsula,65,False
2791,Consumer,Macau Peninsula,95,False
2792,Consumer,Macau Peninsula,4,False
2793,Business,Macau Peninsula,118,False
2794,Consumer,Taipa,89,False
2795,Business,Other,69,False
2796,Consumer,Other,1,True
2797,Consumer,Taipa,104,False
2798,Consumer,Macau Peninsula,91,False
2799,Consumer,Macau Peninsula,21,False
2800,Consumer,Taipa,26,False
2801,Consumer,Coloane,72,False
2802,Consumer,Macau Peninsula,120,True
2803,Consumer,Taipa,31,True
2804,Consumer,Macau Peninsula,70,False
2805,Consumer,Macau Peninsula,113,False
2806,Consumer,Taipa,89,False
2807,Consumer,Other,42,False
2808,Consumer,Macau Peninsula,58,False
2809,Consumer,Macau Peninsula,34,True
2810,Business,Other,119,True
2811,Consumer,Taipa,29,True
2812,Business,Taipa,40,False
2813,Consumer,Taipa,62,False
2814,Business,Macau Peninsula,66,False
2815,Consumer,Macau Peninsula,94,False
2816,Consumer,Macau Peninsula,27,True
2817,Consumer,Macau Peninsula,50,False
2818,Consumer,Taipa,87,False
2819,Consumer,Macau Peninsula,111,False
2820,Business,Taipa,90,True
2821,Consumer,Coloane,111,False
2822,Consumer,Macau Peninsula,63,False
2823,Consumer,Macau Peninsula,117,False
2824,Consumer,Macau Peninsula,22,True
2825,Consumer,Coloane,107,False
2826,Business,Macau Peninsula,107,True
2827,Consumer,Taipa,113,False
2828,Consumer,Macau Peninsula,31,False
2829,Business,Macau Peninsula,102,False
2830,Consumer,Macau Peninsula,21,True
2831,Consumer,Taipa,45,False
2832,Consumer,Taipa,103,True
2833,Consumer,Macau Peninsula,61,True
2834,Business,Macau Peninsula,81,False
2835,Consumer,Other,107,False
2836,Consumer,Taipa,119,True
2837,Consumer,Macau Peninsula,41,False
2838,Consumer,Macau Peninsula,33,False
2839,Business,Other,100,False
2840,Consumer,Other,113,False
2841,Consumer,Taipa,82,False
2842,Business,Coloane,115,True
2843,Consumer,Macau Peninsula,37,True
2844,Business,Taipa,55,False
2845,Business,Taipa,116,False
2846,Consumer,Macau Peninsula,42,False
2847,Consumer,Macau Peninsula,102,False
2848,Consumer,Macau Peninsula,112,True
2849,Consumer,Macau Peninsula,76,True
2850,Consumer,Macau Peninsula,107,False
2851,Business,Coloane,56,False
2852,Consumer,Macau Peninsula,65,False
2853,Business,Macau Peninsula,37,False
2854,Consumer,Macau Peninsula,30,False
2855,Consumer,Taipa,39,True
2856,Business,Macau Peninsula,111,True
2857,Consumer,Macau Peninsula,41,False
2858,Consumer,Macau Peninsula,95,False
2859,Consumer,Macau Peninsula,66,False
2860,Business,Taipa,78,True
2861,Consumer,Coloane,13,False
2862,Consumer,Taipa,20,False
2863,Business,Other,30,True
2864,Consumer,Taipa,56,False
2865,Consumer,Taipa,94,True
2866,Consumer,Macau Peninsula,36,False
2867,Consumer,Macau Peninsula,79,False
2868,Consumer,Taipa,70,False
2869,Consumer,Macau Peninsula,116,False
2870,Business,Other,10,False
2871,Consumer,Macau Peninsula,64,False
2872,Business,Macau Peninsula,13,False
2873,Consumer,Macau Peninsula,64,True
2874,Consumer,Macau Peninsula,104,False
2875,Consumer,Coloane,37,False
2876,Consumer,Macau Peninsula,40,False
2877,Business,Macau Peninsula,70,True
2878,Consumer,Other,74,False
2879,Consumer,Macau Peninsula,71,False
2880,Consumer,Taipa,37,False
2881,Consumer,Macau Peninsula,67,False
2882,Consumer,Taipa,116,False
2883,Consumer,Taipa,30,False
2884,Consumer,Taipa,52,False
2885,Consumer,Other,73,False
2886,Consumer,Other,4,False
2887,Business,Macau Peninsula,29,False
2888,Consumer,Macau Peninsula,59,True
2889,Consumer,Macau Peninsula,38,False
2890,Consumer,Taipa,30,False
2891,Consumer,Macau Peninsula,11,False
2892,Consumer,Macau Peninsula,36,False
2893,Consumer,Macau Peninsula,5,False
2894,Consumer,Macau Peninsula,53,False
2895,Consumer,Other,77,False
2896,Business,Macau Peninsula,25,False
2897,Business,Taipa,50,False
2898,Consumer,Coloane,11,False
2899,Consumer,Macau Peninsula,87,False
2900,Consumer,Taipa,118,False
2901,Consumer,Other,80,True
2902,Consumer,Macau Peninsula,49,False
2903,Business,Macau Peninsula,83,False
2904,Consumer,Taipa,36,False
2905,Consumer,Taipa,104,False
2906,Consumer,Macau Peninsula,75,False
2907,Business,Macau Peninsula,51,False
2908,Consumer,Macau Peninsula,25,False
2909,Business,Taipa,59,False
2910,Business,Taipa,74,False
2911,Consumer,Taipa,20,False
2912,Consumer,Macau Peninsula,72,True
2913,Business,Taipa,65,False
2914,Consumer,Macau Peninsula,70,True
2915,Consumer,Other,103,False
2916,Consumer,Macau Peninsula,21,True
2917,Consumer,Taipa,74,False
2918,Consumer,Taipa,113,False
2919,Business,Macau Peninsula,24,False
2920,Consumer,Coloane,63,False
2921,Consumer,Other,70,False
2922,Consumer,Coloane,94,False
2923,Consumer,Macau Peninsula,57,False
2924,Consumer,Taipa,50,False
2925,Consumer,Macau Peninsula,10,True
2926,Consumer,Macau Peninsula,93,False
2927,Consumer,Taipa,77,False
2928,Consumer,Macau Peninsula,48,False
2929,Consumer,Macau Peninsula,79,False
2930,Business,Macau Peninsula,31,False
2931,Consumer,Macau Peninsula,52,False
2932,Business,Taipa,4,True
2933,Consumer,Macau Peninsula,63,False
2934,Business,Macau Peninsula,3,False
2935,Consumer,Macau Peninsula,46,False
2936,Consumer,Taipa,21,False
2937,Consumer,Macau Peninsula,74,False
2938,Consumer,Taipa,2,False
2939,Consumer,Other,76,False
2940,Business,Taipa,77,False
2941,Consumer,Macau Peninsula,57,False
2942,Consumer,Taipa,29,True
2943,Consumer,Macau Peninsula,16,False
2944,Consumer,Taipa,25,False
2945,Consumer,Taipa,90,False
2946,Business,Macau Peninsula,116,False
2947,Consumer,Macau Peninsula,12,True
2948,Business,Macau Peninsula,75,False
2949,Business,Taipa,44,False
2950,Consumer,Macau Peninsula,100,False
2951,Business,Coloane,35,False
2952,Business,Macau Peninsula,7,False
2953,Consumer,Taipa,39,False
2954,Consumer,Macau Peninsula,55,False
2955,Consumer,Macau Peninsula,53,False
2956,Consumer,Macau Peninsula,83,False
2957,Consumer,Macau Peninsula,114,False
2958,Consumer,Macau Peninsula,68,True
2959,Consumer,Macau Peninsula,87,False
2960,Consumer,Macau Peninsula,109,False
2961,Consumer,Macau Peninsula,25,False
2962,Consumer,Taipa,81,False
2963,Business,Macau Peninsula,37,False
2964,Consumer,Taipa,13,False
2965,Consumer,Other,84,False
2966,Consumer,Macau Peninsula,67,True
2967,Consumer,Taipa,40,False
2968,Consumer,Macau Peninsula,29,True
2969,Consumer,Coloane,79,False
2970,Consumer,Taipa,101,False
2971,Consumer,Taipa,47,False
2972,Consumer,Coloane,36,False
2973,Business,Macau Peninsula,18,False
2974,Consumer,Macau Peninsula,117,False
2975,Business,Macau Peninsula,40,False
2976,Consumer,Taipa,108,False
2977,Consumer,Taipa,84,False
2978,Business,Other,69,True
2979,Business,Other,32,False
2980,Consumer,Macau Peninsula,39,False
2981,Consumer,Taipa,99,False
2982,Consumer,Macau Peninsula,36,False
2983,Consumer,Macau Peninsula,106,False
2984,Consumer,Macau Peninsula,81,True
2985,Business,Macau Peninsula,87,False
2986,Consumer,Macau Peninsula,49,False
2987,Consumer,Taipa,105,False
2988,Consumer,Coloane,16,True
2989,Business,Macau Peninsula,3,True
2990,Consumer,Macau Peninsula,82,False
2991,Consumer,Macau Peninsula,83,False
2992,Consumer,Coloane,55,False
2993,Business,Macau Peninsula,30,False
2994,Consumer,Other,66,False
2995,Consumer,Macau Peninsula,102,False
2996,Consumer,Taipa,95,False
2997,Consumer,Macau Peninsula,63,False
2998,Consumer,Macau Peninsula,74,True
2999,Consumer,Macau Peninsula,93,False
3000,Business,Macau Peninsula,10,False
3001,Consumer,Macau Peninsula,69,False
3002,Business,Macau Peninsula,41,False
3003,Consumer,Macau Peninsula,18,False
3004,Consumer,Macau Peninsula,58,True
3005,Consumer,Macau Peninsula,43,False
3006,Consumer,Other,106,False
3007,Consumer,Taipa,23,True
3008,Consumer,Macau Peninsula,67,False
3009,Consumer,Macau Peninsula,2,False
3010,Consumer,Macau Peninsula,28,False
3011,Consumer,Taipa,33,False
3012,Consumer,Macau Peninsula,72,False
3013,Business,Macau Peninsula,59,False
3014,Consumer,Macau Peninsula,47,True
3015,Business,Macau Peninsula,85,False
3016,Consumer,Macau Peninsula,14,False
3017,Business,Macau Peninsula,73,False
3018,Consumer,Macau Peninsula,111,False
3019,Consumer,Coloane,102,False
3020,Consumer,Taipa,110,False
3021,Consumer,Macau Peninsula,98,False
3022,Business,Taipa,8,False
3023,Consumer,Taipa,44,False
3024,Business,Other,7,False
3025,Consumer,Taipa,115,False
3026,Consumer,Macau Peninsula,103,True
3027,Consumer,Macau Peninsula,77,False
3028,Business,Macau Peninsula,53,False
3029,Consumer,Macau Peninsula,47,True
3030,Consumer,Macau Peninsula,111,True
3031,Consumer,Macau Peninsula,44,False
3032,Consumer,Taipa,70,False
3033,Consumer,Macau Peninsula,113,False
3034,Consumer,Macau Peninsula,98,False
3035,Consumer,Macau Peninsula,118,False
3036,Business,Other,30,False
3037,Business,Other,76,True
3038,Consumer,Macau Peninsula,78,False
3039,Consumer,Taipa,120,False
3040,Consumer,Macau Peninsula,10,False
3041,Consumer,Taipa,80,False
3042,Consumer,Coloane,10,True
3043,Consumer,Macau Peninsula,9,True
3044,Consumer,Taipa,102,True
3045,Business,Other,14,False
3046,Consumer,Macau Peninsula,26,False
3047,Consumer,Macau Peninsula,19,False
3048,Consumer,Macau Peninsula,8,False
3049,Consumer,Macau Peninsula,36,False
3050,Consumer,Taipa,38,False
3051,Consumer,Taipa,38,False
3052,Business,Taipa,110,False
3053,Consumer,Other,77,False
3054,Consumer,Macau Peninsula,82,False
3055,Consumer,Taipa,81,True
3056,Consumer,Macau Peninsula,61,False
3057,Consumer,Macau Peninsula,80,False
3058,Business,Taipa,57,False
3059,Consumer,Coloane,6,False
3060,Business,Macau Peninsula,48,False
3061,Consumer,Macau Peninsula,25,False
3062,Consumer,Macau Peninsula,51,False
3063,Consumer,Macau Peninsula,3,False
3064,Consumer,Taipa,87,True
3065,Consumer,Macau Peninsula,38,True
3066,Consumer,Macau Peninsula,21,False
3067,Consumer,Macau Peninsula,28,False
3068,Consumer,Other,26,False
3069,Business,Taipa,52,False
3070,Business,Macau Peninsula,33,False
3071,Consumer,Other,26,False
3072,Consumer,Coloane,31,False
3073,Consumer,Taipa,61,True
3074,Consumer,Other,57,False
3075,Business,Other,75,False
3076,Consumer,Macau Peninsula,3,False
3077,Consumer,Macau Peninsula,16,False
3078,Consumer,Taipa,39,False
3079,Consumer,Macau Peninsula,47,False
3080,Business,Taipa,103,True
3081,Business,Taipa,10,False
3082,Consumer,Taipa,4,False
3083,Business,Macau Peninsula,69,False
3084,Consumer,Macau Peninsula,96,False
3085,Consumer,Taipa,74,False
3086,Consumer,Other,21,False
3087,Consumer,Other,85,True
3088,Business,Macau Peninsula,12,False
3089,Consumer,Macau Peninsula,63,False
3090,Consumer,Taipa,53,False
3091,Consumer,Macau Peninsula,44,False
3092,Business,Taipa,71,False
3093,Business,Macau Peninsula,42,False
3094,Consumer,Other,94,False
3095,Consumer,Other,117,False
3096,Consumer,Macau Peninsula,28,False
3097,Consumer,Macau Peninsula,17,False
3098,Consumer,Macau Peninsula,11,False
3099,Consumer,Macau Peninsula,12,False
3100,Business,Macau Peninsula,97,False
3101,Consumer,Taipa,28,False
3102,Consumer,Macau Peninsula,93,False
3103,Consumer,Macau Peninsula,34,False
3104,Consumer,Taipa,36,True
3105,Consumer,Macau Peninsula,85,False
3106,Consumer,Other,28,False
3107,Consumer,Macau Peninsula,76,True
3108,Consumer,Taipa,84,False
3109,Consumer,Macau Peninsula,42,False
3110,Consumer,Taipa,11,False
3111,Consumer,Macau Peninsula,18,True
3112,Business,Other,89,True
3113,Business,Macau Peninsula,36,False
3114,Consumer,Macau Peninsula,43,False
3115,Consumer,Macau Peninsula,41,False
3116,Consumer,Macau Peninsula,93,False
3117,Consumer,Taipa,111,False
3118,Consumer,Macau Peninsula,113,False
3119,Consumer,Taipa,116,False
3120,Consumer,Macau Peninsula,116,False
3121,Business,Taipa,71,False
3122,Consumer,Taipa,24,False
3123,Consumer,Taipa,3,False
3124,Consumer,Macau Peninsula,83,False
3125,Consumer,Macau Peninsula,7,False
3126,Consumer,Other,30,True
3127,Business,Coloane,115,True
3128,Consumer,Macau Peninsula,63,False
3129,Business,Other,100,False
3130,Consumer,Macau Peninsula,13,False
3131,Consumer,Other,107,False
3132,Consumer,Coloane,52,False
3133,Consumer,Macau Peninsula,96,False
3134,Consumer,Taipa,26,False
3135,Consumer,Macau Peninsula,40,False
3136,Consumer,Taipa,74,False
3137,Consumer,Macau Peninsula,49,False
3138,Consumer,Taipa,100,False
3139,Business,Taipa,20,False
3140,Consumer,Macau Peninsula,6,False
3141,Consumer,Taipa,48,False
3142,Consumer,Taipa,105,True
3143,Consumer,Macau Peninsula,22,True
3144,Consumer,Macau Peninsula,62,False
3145,Consumer,Macau Peninsula,56,False
3146,Consumer,Taipa,118,False
3147,Consumer,Taipa,3,False
3148,Consumer,Macau Peninsula,5,False
3149,Consumer,Taipa,42,False
3150,Consumer,Taipa,81,False
3151,Business,Taipa,2,False
3152,Consumer,Macau Peninsula,68,False
3153,Consumer,Taipa,11,False
3154,Business,Macau Peninsula,110,False
3155,Consumer,Macau Peninsula,52,False
3156,Consumer,Macau Peninsula,74,False
3157,Consumer,Macau Peninsula,8,False
3158,Consumer,Taipa,42,False
3159,Consumer,Macau Peninsula,16,False
3160,Business,Macau Peninsula,69,False
3161,Business,Macau Peninsula,28,False
3162,Consumer,Macau Peninsula,29,True
3163,Consumer,Macau Peninsula,21,True
3164,Consumer,Macau Peninsula,100,False
3165,Consumer,Macau Peninsula,8,True
3166,Consumer,Other,16,False
3167,Business,Macau Peninsula,88,True
3168,Consumer,Taipa,114,False
3169,Consumer,Macau Peninsula,6,False
3170,Consumer,Coloane,115,False
3171,Consumer,Macau Peninsula,118,False
3172,Consumer,Macau Peninsula,120,False
3173,Consumer,Taipa,12,True
3174,Consumer,Taipa,111,False
3175,Consumer,Macau Peninsula,105,False
3176,Consumer,Macau Peninsula,102,False
3177,Consumer,Taipa,92,False
3178,Consumer,Other,18,False
3179,Consumer,Taipa,24,True
3180,Consumer,Macau Peninsula,85,False
3181,Consumer,Taipa,117,False
3182,Consumer,Coloane,92,False
3183,Consumer,Taipa,65,False
3184,Consumer,Taipa,103,True
3185,Consumer,Taipa,21,False
3186,Consumer,Other,4,True
3187,Consumer,Macau Peninsula,29,False
3188,Business,Macau Peninsula,13,False
3189,Business,Macau Peninsula,43,False
3190,Business,Taipa,35,False
3191,Consumer,Macau Peninsula,44,False
3192,Consumer,Macau Peninsula,3,False
3193,Consumer,Taipa,84,False
3194,Consumer,Macau Peninsula,102,False
3195,Consumer,Taipa,70,False
3196,Consumer,Taipa,31,False
3197,Consumer,Macau Peninsula,77,False
3198,Business,Macau Peninsula,85,False
3199,Consumer,Coloane,69,True
3200,Consumer,Taipa,7,False
3201,Consumer,Macau Peninsula,18,False
3202,Consumer,Taipa,89,False
3203,Consumer,Taipa,30,True
3204,Consumer,Macau Peninsula,85,True
3205,Business,Taipa,84,False
3206,Consumer,Taipa,35,False
3207,Consumer,Macau Peninsula,75,True
3208,Consumer,Taipa,48,False
3209,Consumer,Macau Peninsula,60,False
3210,Consumer,Taipa,48,True
3211,Consumer,Macau Peninsula,21,False
3212,Consumer,Taipa,117,False
3213,Consumer,Taipa,66,True
3214,Consumer,Coloane,44,False
3215,Consumer,Other,95,False
3216,Consumer,Taipa,65,True
3217,Business,Other,19,False
3218,Consumer,Macau Peninsula,51,False
3219,Consumer,Macau Peninsula,10,False
3220,Consumer,Other,34,False
3221,Business,Macau Peninsula,2,False
3222,Consumer,Taipa,18,True
3223,Consumer,Macau Peninsula,112,False
3224,Consumer,Macau Peninsula,23,False
3225,Business,Taipa,18,True
3226,Business,Macau Peninsula,25,False
3227,Consumer,Taipa,82,False
3228,Consumer,Other,56,False
3229,Consumer,Taipa,33,False
3230,Consumer,Macau Peninsula,9,False
3231,Consumer,Taipa,83,False
3232,Consumer,Taipa,23,False
3233,Consumer,Macau Peninsula,102,False
3234,Consumer,Macau Peninsula,111,False
3235,Consumer,Macau Peninsula,75,False
3236,Consumer,Macau Peninsula,41,False
3237,Consumer,Macau Peninsula,44,False
3238,Consumer,Macau Peninsula,110,False
3239,Consumer,Coloane,12,True
3240,Consumer,Macau Peninsula,38,True
3241,Consumer,Macau Peninsula,89,False
3242,Consumer,Macau Peninsula,60,False
3243,Consumer,Taipa,70,False
3244,Consumer,Macau Peninsula,22,False
3245,Consumer,Macau Peninsula,69,False
3246,Consumer,Macau Peninsula,24,False
3247,Business,Macau Peninsula,52,True
3248,Consumer,Macau Peninsula,52,True
3249,Consumer,Other,10,False
3250,Consumer,Macau Peninsula,73,True
3251,Consumer,Taipa,102,False
3252,Business,Coloane,104,False
3253,Consumer,Macau Peninsula,6,False
3254,Consumer,Taipa,87,False
3255,Consumer,Macau Peninsula,5,False
3256,Consumer,Macau Peninsula,9,False
3257,Consumer,Taipa,36,True
3258,Consumer,Macau Peninsula,78,False
3259,Consumer,Taipa,66,False
3260,Business,Macau Peninsula,49,True
3261,Consumer,Other,80,False
3262,Consumer,Macau Peninsula,18,False
3263,Consumer,Taipa,95,True
3264,Consumer,Taipa,81,False
3265,Consumer,Taipa,25,False
3266,Consumer,Macau Peninsula,45,False
3267,Consumer,Macau Peninsula,55,True
3268,Consumer,Other,23,False
3269,Consumer,Macau Peninsula,82,False
3270,Consumer,Macau Peninsula,63,False
3271,Consumer,Macau Peninsula,21,False
3272,Consumer,Macau Peninsula,9,False
3273,Consumer,Taipa,98,False
3274,Consumer,Taipa,34,False
3275,Business,Macau Peninsula,74,False
3276,Consumer,Macau Peninsula,17,False
3277,Consumer,Macau Peninsula,45,False
3278,Consumer,Macau Peninsula,98,False
3279,Consumer,Other,46,True
3280,Consumer,Coloane,38,True
3281,Consumer,Taipa,87,True
3282,Consumer,Macau Peninsula,58,True
3283,Consumer,Taipa,70,False
3284,Business,Taipa,39,False
3285,Consumer,Macau Peninsula,16,True
3286,Business,Macau Peninsula,43,False
3287,Consumer,Taipa,90,False
3288,Consumer,Taipa,15,False
3289,Consumer,Macau Peninsula,21,False
3290,Business,Macau Peninsula,110,True
3291,Consumer,Macau Peninsula,40,True
3292,Consumer,Macau Peninsula,84,False
3293,Consumer,Macau Peninsula,72,False
3294,Consumer,Macau Peninsula,96,False
3295,Consumer,Coloane,62,False
3296,Consumer,Macau Peninsula,12,True
3297,Consumer,Taipa,51,False
3298,Consumer,Other,104,True
3299,Consumer,Taipa,40,False
3300,Consumer,Taipa,49,False
3301,Consumer,Coloane,111,False
3302,Consumer,Taipa,65,False
3303,Business,Macau Peninsula,73,False
3304,Consumer,Macau Peninsula,15,False
3305,Consumer,Macau Peninsula,30,False
3306,Business,Macau Peninsula,8,False
3307,Consumer,Macau Peninsula,88,False
3308,Consumer,Macau Peninsula,117,False
3309,Consumer,Macau Peninsula,13,False
3310,Consumer,Taipa,22,False
3311,Consumer,Macau Peninsula,53,True
3312,Business,Macau Peninsula,105,False
3313,Business,Taipa,35,True
3314,Consumer,Macau Peninsula,62,False
3315,Business,Macau Peninsula,75,False
3316,Consumer,Macau Peninsula,27,False
3317,Consumer,Taipa,115,False
3318,Consumer,Macau Peninsula,106,False
3319,Consumer,Macau Peninsula,114,False
3320,Consumer,Macau Peninsula,97,False
3321,Business,Coloane,22,False
3322,Consumer,Taipa,78,False
3323,Consumer,Other,115,False
3324,Consumer,Macau Peninsula,5,False
3325,Consumer,Macau Peninsula,14,False
3326,Consumer,Taipa,8,False
3327,Consumer,Coloane,91,False
3328,Consumer,Macau Peninsula,78,True
3329,Business,Macau Peninsula,29,False
3330,Business,Taipa,64,True
3331,Consumer,Taipa,76,False
3332,Consumer,Macau Peninsula,19,True
3333,Business,Macau Peninsula,23,False
3334,Consumer,Macau Peninsula,14,True
3335,Business,Macau Peninsula,56,False
3336,Business,Taipa,94,False
3337,Consumer,Macau Peninsula,117,True
3338,Consumer,Taipa,72,False
3339,Consumer,Macau Peninsula,98,False
3340,Consumer,Taipa,79,True
3341,Consumer,Macau Peninsula,119,True
3342,Business,Macau Peninsula,39,False
3343,Consumer,Macau Peninsula,65,True
3344,Consumer,Macau Peninsula,75,False
3345,Consumer,Other,80,False
3346,Consumer,Other,101,False
3347,Consumer,Macau Peninsula,86,False
3348,Consumer,Taipa,111,True
3349,Consumer,Macau Peninsula,34,False
3350,Consumer,Macau Peninsula,72,False
3351,Consumer,Taipa,50,False
3352,Business,Taipa,56,False
3353,Consumer,Macau Peninsula,53,False
3354,Consumer,Taipa,39,True
3355,Consumer,Taipa,17,True
3356,Consumer,Taipa,117,False
3357,Business,Coloane,80,False
3358,Consumer,Macau Peninsula,54,False
3359,Consumer,Macau Peninsula,95,False
3360,Consumer,Macau Peninsula,36,False
3361,Consumer,Other,63,False
3362,Consumer,Other,17,True
3363,Consumer,Macau Peninsula,71,False
3364,Consumer,Taipa,37,False
3365,Business,Taipa,109,False
3366,Consumer,Macau Peninsula,72,True
3367,Consumer,Macau Peninsula,104,False
3368,Consumer,Coloane,110,False
3369,Consumer,Taipa,31,False
3370,Consumer,Macau Peninsula,78,False
3371,Consumer,Other,60,False
3372,Consumer,Taipa,25,False
3373,Consumer,Other,56,True
3374,Business,Macau Peninsula,75,False
3375,Consumer,Macau Peninsula,7,False
3376,Business,Macau Peninsula,116,False
3377,Consumer,Taipa,65,False
3378,Consumer,Macau Peninsula,75,False
3379,Consumer,Taipa,118,True
3380,Consumer,Taipa,48,False
3381,Consumer,Taipa,17,True
3382,Consumer,Coloane,29,False
3383,Consumer,Taipa,77,False
3384,Consumer,Macau Peninsula,51,False
3385,Consumer,Macau Peninsula,52,True
3386,Consumer,Macau Peninsula,21,True
3387,Business,Macau Peninsula,82,False
3388,Business,Other,117,False
3389,Consumer,Macau Peninsula,74,False
3390,Business,Macau Peninsula,41,False
3391,Consumer,Macau Peninsula,104,False
3392,Consumer,Other,116,False
3393,Consumer,Macau Peninsula,112,True
3394,Consumer,Taipa,66,False
3395,Consumer,Macau Peninsula,40,False
3396,Consumer,Other,28,False
3397,Consumer,Macau Peninsula,66,False
3398,Business,Taipa,81,False
3399,Consumer,Taipa,94,False
3400,Consumer,Macau Peninsula,4,False
3401,Consumer,Taipa,98,False
3402,Consumer,Other,51,False
3403,Consumer,Macau Peninsula,45,True
3404,Business,Taipa,1,False
3405,Consumer,Macau Peninsula,40,False
3406,Consumer,Taipa,81,False
3407,Consumer,Taipa,83,False
3408,Consumer,Taipa,45,True
3409,Consumer,Other,110,False
3410,Business,Other,63,False
3411,Consumer,Taipa,38,False
3412,Consumer,Macau Peninsula,14,False
3413,Consumer,Macau Peninsula,96,True
3414,Consumer,Taipa,108,False
3415,Business,Macau Peninsula,98,False
3416,Consumer,Macau Peninsula,104,False
3417,Consumer,Macau Peninsula,19,True
3418,Consumer,Taipa,72,False
3419,Consumer,Macau Peninsula,25,False
3420,Business,Coloane,82,False
3421,Consumer,Macau Peninsula,50,False
3422,Consumer,Coloane,74,False
3423,Consumer,Taipa,7,True
3424,Consumer,Macau Peninsula,111,False
3425,Consumer,Taipa,7,True
3426,Business,Macau Peninsula,29,False
3427,Consumer,Macau Peninsula,89,False
3428,Consumer,Taipa,22,True
3429,Consumer,Macau Peninsula,114,False
3430,Consumer,Macau Peninsula,55,False
3431,Business,Taipa,57,False
3432,Consumer,Macau Peninsula,54,True
3433,Consumer,Other,86,True
3434,Consumer,Taipa,58,True
3435,Consumer,Macau Peninsula,116,False
3436,Consumer,Taipa,8,False
3437,Consumer,Macau Peninsula,32,True
3438,Consumer,Taipa,10,False
3439,Consumer,Macau Peninsula,91,False
3440,Consumer,Macau Peninsula,30,False
3441,Consumer,Macau Peninsula,119,False
3442,Consumer,Taipa,47,True
3443,Consumer,Coloane,75,False
3444,Consumer,Macau Peninsula,52,True
3445,Consumer,Taipa,104,True
3446,Business,Taipa,43,True
3447,Consumer,Macau Peninsula,42,True
3448,Consumer,Macau Peninsula,41,False
3449,Consumer,Coloane,20,True
3450,Consumer,Macau Peninsula,97,False
3451,Consumer,Macau Peninsula,24,False
3452,Consumer,Macau Peninsula,85,False
3453,Consumer,Taipa,31,False
3454,Consumer,Macau Peninsula,26,False
3455,Consumer,Macau Peninsula,108,False
3456,Consumer,Macau Peninsula,13,False
3457,Consumer,Macau Peninsula,14,True
3458,Consumer,Taipa,14,False
3459,Business,Macau Peninsula,8,True
3460,Consumer,Taipa,111,False
3461,Consumer,Macau Peninsula,4,False
3462,Consumer,Macau Peninsula,79,False
3463,Consumer,Macau Peninsula,70,False
3464,Business,Other,104,False
3465,Business,Macau Peninsula,33,False
3466,Consumer,Taipa,83,True
3467,Consumer,Taipa,31,True
3468,Consumer,Taipa,23,False
3469,Consumer,Coloane,2,False
3470,Consumer,Taipa,27,False
3471,Consumer,Taipa,39,False
3472,Consumer,Macau Peninsula,87,False
3473,Business,Taipa,64,True
3474,Consumer,Macau Peninsula,84,False
3475,Consumer,Macau Peninsula,57,False
3476,Consumer,Taipa,32,False
3477,Consumer,Taipa,60,True
3478,Consumer,Other,51,True
3479,Consumer,Macau Peninsula,56,False
3480,Business,Taipa,58,True
3481,Consumer,Taipa,15,False
3482,Consumer,Macau Peninsula,51,False
3483,Business,Taipa,38,False
3484,Consumer,Taipa,90,True
3485,Consumer,Macau Peninsula,48,True
3486,Consumer,Macau Peninsula,23,True
3487,Consumer,Macau Peninsula,62,False
3488,Consumer,Taipa,67,False
3489,Consumer,Taipa,38,True
3490,Consumer,Other,49,True
3491,Business,Macau Peninsula,21,False
3492,Consumer,Taipa,21,False
3493,Consumer,Macau Peninsula,74,False
3494,Consumer,Macau Peninsula,72,False
3495,Consumer,Taipa,50,True
3496,Business,Taipa,108,True
3497,Consumer,Macau Peninsula,19,False
3498,Business,Macau Peninsula,58,False
3499,Consumer,Macau Peninsula,69,False
3500,Consumer,Taipa,30,False
3501,Consumer,Macau Peninsula,24,True
3502,Consumer,Coloane,49,False
3503,Business,Macau Peninsula,56,True
3504,Consumer,Macau Peninsula,42,False
3505,Consumer,Taipa,55,True
3506,Consumer,Macau Peninsula,55,False
3507,Consumer,Macau Peninsula,24,True
3508,Business,Macau Peninsula,61,False
3509,Consumer,Macau Peninsula,70,False
3510,Consumer,Macau Peninsula,58,False
3511,Consumer,Other,88,False
3512,Business,Taipa,71,False
3513,Consumer,Taipa,64,False
3514,Business,Macau Peninsula,2,False
3515,Business,Macau Peninsula,94,False
3516,Consumer,Macau Peninsula,54,False
3517,Business,Coloane,76,False
3518,Consumer,Macau Peninsula,83,False
3519,Consumer,Taipa,48,False
3520,Consumer,Macau Peninsula,14,False
3521,Consumer,Taipa,1,False
3522,Consumer,Macau Peninsula,7,False
3523,Consumer,Macau Peninsula,27,False
3524,Consumer,Taipa,1,False
3525,Business,Macau Peninsula,45,False
3526,Consumer,Other,57,False
3527,Consumer,Taipa,104,False
3528,Consumer,Taipa,3,False
3529,Consumer,Coloane,111,False
3530,Consumer,Coloane,46,False
3531,Consumer,Macau Peninsula,38,False
3532,Business,Macau Peninsula,115,False
3533,Business,Macau Peninsula,85,False
3534,Consumer,Taipa,55,False
3535,Business,Taipa,31,False
3536,Consumer,Macau Peninsula,92,True
3537,Consumer,Macau Peninsula,80,True
3538,Consumer,Taipa,120,False
3539,Consumer,Taipa,112,False
3540,Consumer,Taipa,99,False
3541,Consumer,Macau Peninsula,26,False
3542,Consumer,Macau Peninsula,28,False
3543,Consumer,Taipa,75,False
3544,Consumer,Taipa,99,False
3545,Consumer,Other,119,False
3546,Consumer,Macau Peninsula,21,True
3547,Consumer,Taipa,43,False
3548,Consumer,Taipa,95,False
3549,Business,Coloane,105,False
3550,Consumer,Taipa,12,False
3551,Business,Macau Peninsula,83,False
3552,Consumer,Macau Peninsula,12,False
3553,Consumer,Taipa,17,False
3554,Consumer,Macau Peninsula,113,False
3555,Consumer,Macau Peninsula,33,True
3556,Consumer,Macau Peninsula,104,False
3557,Consumer,Coloane,64,True
3558,Consumer,Taipa,82,True
3559,Consumer,Other,59,False
3560,Consumer,Taipa,70,False
3561,Consumer,Coloane,114,True
3562,Consumer,Macau Peninsula,58,False
3563,Consumer,Macau Peninsula,37,False
3564,Consumer,Macau Peninsula,101,False
3565,Consumer,Taipa,106,False
3566,Consumer,Macau Peninsula,9,False
3567,Consumer,Macau Peninsula,97,False
3568,Consumer,Macau Peninsula,27,False
3569,Business,Macau Peninsula,16,False
3570,Consumer,Taipa,107,False
3571,Consumer,Taipa,7,True
3572,Consumer,Taipa,36,True
3573,Consumer,Macau Peninsula,116,False
3574,Consumer,Taipa,105,True
3575,Consumer,Taipa,112,False
3576,Consumer,Taipa,83,False
3577,Consumer,Taipa,2,True
3578,Consumer,Macau Peninsula,88,False
3579,Business,Macau Peninsula,94,False
3580,Business,Other,57,False
3581,Consumer,Macau Peninsula,28,False
3582,Consumer,Macau Peninsula,19,False
3583,Consumer,Taipa,102,False
3584,Business,Macau Peninsula,105,False
3585,Consumer,Macau Peninsula,29,False
3586,Consumer,Macau Peninsula,69,False
3587,Consumer,Macau Peninsula,96,False
3588,Consumer,Macau Peninsula,37,False
3589,Consumer,Other,39,False
3590,Consumer,Other,8,False
3591,Consumer,Macau Peninsula,4,False
3592,Consumer,Macau Peninsula,93,False
3593,Consumer,Macau Peninsula,99,False
3594,Consumer,Taipa,93,True
3595,Consumer,Macau Peninsula,56,False
3596,Business,Macau Peninsula,117,True
3597,Consumer,Taipa,55,False
3598,Consumer,Other,30,False
3599,Consumer,Taipa,29,True
3600,Consumer,Taipa,87,False
3601,Consumer,Other,63,True
3602,Consumer,Macau Peninsula,59,False
3603,Consumer,Macau Peninsula,53,True
3604,Consumer,Macau Peninsula,97,True
3605,Consumer,Taipa,117,False
3606,Consumer,Macau Peninsula,76,False
3607,Consumer,Macau Peninsula,3,True
3608,Consumer,Macau Peninsula,101,False
3609,Consumer,Macau Peninsula,61,False
3610,Consumer,Taipa,36,True
3611,Consumer,Macau Peninsula,64,False
3612,Consumer,Macau Peninsula,17,False
3613,Consumer,Macau Peninsula,38,False
3614,Consumer,Macau Peninsula,103,False
3615,Consumer,Macau Peninsula,4,True
3616,Consumer,Taipa,91,False
3617,Business,Taipa,97,False
3618,Business,Macau Peninsula,41,False
3619,Consumer,Macau Peninsula,114,False
3620,Consumer,Taipa,51,False
3621,Consumer,Macau Peninsula,60,False
3622,Consumer,Other,25,False
3623,Consumer,Taipa,114,False
3624,Consumer,Macau Peninsula,117,False
3625,Business,Macau Peninsula,14,False
3626,Consumer,Coloane,82,False
3627,Consumer,Taipa,34,False
3628,Consumer,Other,20,False
3629,Consumer,Taipa,96,False
3630,Consumer,Macau Peninsula,43,False
3631,Consumer,Macau Peninsula,37,True
3632,Consumer,Macau Peninsula,92,False
3633,Consumer,Macau Peninsula,97,False
3634,Consumer,Coloane,49,True
3635,Consumer,Taipa,60,True
3636,Business,Macau Peninsula,45,False
3637,Consumer,Macau Peninsula,31,True
3638,Consumer,Macau Peninsula,101,False
3639,Consumer,Taipa,54,False
3640,Consumer,Taipa,2,False
3641,Business,Macau Peninsula,96,False
3642,Consumer,Taipa,21,False
3643,Consumer,Macau Peninsula,19,False
3644,Consumer,Macau Peninsula,49,False
3645,Consumer,Macau Peninsula,23,False
3646,Consumer,Other,29,False
3647,Business,Other,90,True
3648,Consumer,Coloane,81,False
3649,Consumer,Taipa,71,False
3650,Consumer,Macau Peninsula,71,False
3651,Business,Macau Peninsula,99,False
3652,Consumer,Macau Peninsula,25,False
3653,Consumer,Taipa,68,False
3654,Consumer,Taipa,114,False
3655,Consumer,Macau Peninsula,48,True
3656,Consumer,Macau Peninsula,116,True
3657,Consumer,Macau Peninsula,71,False
3658,Consumer,Macau Peninsula,108,False
3659,Consumer,Taipa,94,False
3660,Consumer,Other,77,False
3661,Consumer,Macau Peninsula,23,False
3662,Consumer,Macau Peninsula,22,True
3663,Business,Macau Peninsula,52,False
3664,Consumer,Macau Peninsula,100,False
3665,Consumer,Other,90,False
3666,Consumer,Macau Peninsula,63,True
3667,Consumer,Macau Peninsula,14,True
3668,Consumer,Macau Peninsula,71,True
3669,Consumer,Coloane,24,True
3670,Consumer,Macau Peninsula,97,False
3671,Consumer,Macau Peninsula,54,False
3672,Consumer,Taipa,69,False
3673,Consumer,Taipa,65,False
3674,Consumer,Taipa,60,False
3675,Consumer,Coloane,27,False
3676,Consumer,Macau Peninsula,71,True
3677,Consumer,Macau Peninsula,72,True
3678,Consumer,Macau Peninsula,97,False
3679,Business,Macau Peninsula,10,False
3680,Consumer,Taipa,10,False
3681,Consumer,Macau Peninsula,67,False
3682,Consumer,Coloane,7,False
3683,Consumer,Taipa,13,False
3684,Consumer,Macau Peninsula,43,False
3685,Consumer,Macau Peninsula,48,False
3686,Consumer,Taipa,112,True
3687,Consumer,Taipa,60,False
3688,Business,Other,105,False
3689,Business,Other,85,True
3690,Consumer,Other,23,False
3691,Consumer,Taipa,3,False
3692,Consumer,Other,8,False
3693,Consumer,Macau Peninsula,59,False
3694,Consumer,Taipa,53,False
3695,Consumer,Taipa,119,False
3696,Consumer,Macau Peninsula,5,False
3697,Consumer,Macau Peninsula,50,True
3698,Consumer,Macau Peninsula,78,False
3699,Consumer,Coloane,35,False
3700,Consumer,Coloane,32,False
3701,Business,Macau Peninsula,117,False
3702,Business,Macau Peninsula,41,False
3703,Consumer,Taipa,54,False
3704,Business,Macau Peninsula,10,False
3705,Business,Taipa,57,False
3706,Consumer,Taipa,72,False
3707,Consumer,Macau Peninsula,31,False
3708,Consumer,Macau Peninsula,85,False
3709,Business,Taipa,116,False
3710,Consumer,Macau Peninsula,16,True
3711,Consumer,Macau Peninsula,3,False
3712,Consumer,Taipa,39,False
3713,Consumer,Taipa,23,False
3714,Consumer,Macau Peninsula,107,False
3715,Consumer,Coloane,44,False
3716,Consumer,Taipa,49,True
3717,Business,Taipa,102,False
3718,Consumer,Macau Peninsula,5,False
3719,Consumer,Macau Peninsula,22,False
3720,Business,Taipa,2,False
3721,Consumer,Macau Peninsula,79,False
3722,Consumer,Taipa,79,True
3723,Consumer,Macau Peninsula,24,False
3724,Consumer,Taipa,78,True
3725,Consumer,Other,51,False
3726,Consumer,Macau Peninsula,17,True
3727,Consumer,Taipa,65,False
3728,Consumer,Macau Peninsula,64,True
3729,Business,Macau Peninsula,79,False
3730,Consumer,Taipa,14,False
3731,Business,Taipa,57,True
3732,Consumer,Macau Peninsula,43,True
3733,Consumer,Taipa,54,False
3734,Consumer,Macau Peninsula,15,True
3735,Consumer,Macau Peninsula,40,False
3736,Consumer,Macau Peninsula,68,False
3737,Business,Macau Peninsula,27,False
3738,Consumer,Macau Peninsula,17,False
3739,Consumer,Taipa,32,True
3740,Consumer,Macau Peninsula,92,False
3741,Consumer,Coloane,85,True
3742,Consumer,Coloane,13,True
3743,Consumer,Macau Peninsula,61,False
3744,Business,Taipa,94,False
3745,Consumer,Macau Peninsula,113,False
3746,Consumer,Macau Peninsula,72,False
3747,Consumer,Macau Peninsula,2,False
3748,Consumer,Macau Peninsula,117,False
3749,Consumer,Taipa,41,False
3750,Consumer,Macau Peninsula,36,True
3751,Business,Macau Peninsula,66,True
3752,Consumer,Taipa,25,False
3753,Consumer,Macau Peninsula,83,False
3754,Consumer,Macau Peninsula,22,True
3755,Consumer,Macau Peninsula,114,False
3756,Business,Macau Peninsula,108,False
3757,Business,Macau Peninsula,59,False
3758,Consumer,Macau Peninsula,45,True
3759,Consumer,Macau Peninsula,101,True
3760,Consumer,Macau Peninsula,82,False
3761,Consumer,Macau Peninsula,29,False
3762,Consumer,Taipa,83,False
3763,Consumer,Macau Peninsula,53,False
3764,Consumer,Taipa,47,False
3765,Consumer,Taipa,54,True
3766,Consumer,Taipa,36,False
3767,Consumer,Taipa,69,False
3768,Consumer,Macau Peninsula,93,False
3769,Consumer,Taipa,72,False
3770,Consumer,Macau Peninsula,13,False
3771,Consumer,Taipa,11,False
3772,Consumer,Macau Peninsula,42,True
3773,Consumer,Coloane,50,False
3774,Consumer,Macau Peninsula,83,False
3775,Consumer,Taipa,35,False
3776,Consumer,Coloane,99,False
3777,Consumer,Macau Peninsula,82,True
3778,Consumer,Macau Peninsula,97,False
3779,Consumer,Other,94,False
3780,Consumer,Taipa,47,False
3781,Consumer,Taipa,72,True
3782,Business,Macau Peninsula,38,False
3783,Consumer,Macau Peninsula,28,False
3784,Consumer,Macau Peninsula,5,True
3785,Consumer,Other,4,True
3786,Business,Macau Peninsula,41,False
3787,Consumer,Macau Peninsula,67,True
3788,Consumer,Macau Peninsula,93,False
3789,Consumer,Macau Peninsula,53,False
3790,Consumer,Macau Peninsula,67,False
3791,Consumer,Macau Peninsula,103,False
3792,Consumer,Taipa,31,False
3793,Consumer,Macau Peninsula,62,False
3794,Consumer,Macau Peninsula,12,False
3795,Consumer,Coloane,66,False
3796,Consumer,Macau Peninsula,90,False
3797,Consumer,Taipa,83,False
3798,Consumer,Macau Peninsula,35,False
3799,Consumer,Macau Peninsula,74,True
3800,Consumer,Macau Peninsula,51,False
3801,Consumer,Coloane,24,False
3802,Consumer,Macau Peninsula,31,False
3803,Consumer,Macau Peninsula,24,True
3804,Consumer,Macau Peninsula,30,False
3805,Business,Macau Peninsula,84,False
3806,Consumer,Macau Peninsula,98,False
3807,Consumer,Taipa,31,False
3808,Consumer,Macau Peninsula,82,False
3809,Consumer,Macau Peninsula,37,True
3810,Business,Macau Peninsula,92,False
3811,Consumer,Taipa,63,False
3812,Consumer,Taipa,27,False
3813,Consumer,Macau Peninsula,45,True
3814,Consumer,Macau Peninsula,18,False
3815,Consumer,Taipa,3,False
3816,Consumer,Macau Peninsula,99,False
3817,Consumer,Macau Peninsula,53,False
3818,Consumer,Taipa,117,False
3819,Consumer,Macau Peninsula,71,True
3820,Consumer,Macau Peninsula,88,True
3821,Business,Macau Peninsula,22,True
3822,Consumer,Taipa,35,False
3823,Consumer,Coloane,18,False
3824,Consumer,Taipa,112,False
3825,Business,Macau Peninsula,15,True
3826,Consumer,Macau Peninsula,62,True
3827,Consumer,Macau Peninsula,108,False
3828,Business,Macau Peninsula,29,False
3829,Consumer,Macau Peninsula,73,False
3830,Consumer,Macau Peninsula,76,True
3831,Consumer,Taipa,42,False
3832,Consumer,Taipa,41,False
3833,Consumer,Taipa,98,False
3834,Business,Taipa,88,False
3835,Consumer,Macau Peninsula,60,False
3836,Consumer,Macau Peninsula,10,False
3837,Consumer,Macau Peninsula,113,False
3838,Consumer,Macau Peninsula,69,False
3839,Business,Macau Peninsula,66,False
3840,Consumer,Coloane,23,False
3841,Consumer,Taipa,98,False
3842,Consumer,Other,81,False
3843,Consumer,Macau Peninsula,47,False
3844,Consumer,Macau Peninsula,61,False
3845,Business,Macau Peninsula,10,True
3846,Consumer,Taipa,31,False
3847,Consumer,Taipa,51,False
3848,Consumer,Macau Peninsula,97,False
3849,Consumer,Other,9,False
3850,Business,Macau Peninsula,40,False
3851,Consumer,Other,10,False
3852,Consumer,Taipa,78,False
3853,Consumer,Taipa,5,False
3854,Consumer,Taipa,87,False
3855,Consumer,Other,115,False
3856,Consumer,Other,114,False
3857,Business,Macau Peninsula,24,False
3858,Business,Macau Peninsula,11,False
3859,Business,Other,101,False
3860,Consumer,Macau Peninsula,1,False
3861,Consumer,Macau Peninsula,79,False
3862,Consumer,Coloane,82,False
3863,Consumer,Macau Peninsula,82,False
3864,Consumer,Taipa,116,False
3865,Business,Macau Peninsula,108,True
3866,Consumer,Macau Peninsula,10,False
3867,Consumer,Taipa,79,False
3868,Consumer,Macau Peninsula,49,False
3869,Consumer,Other,57,False
3870,Consumer,Taipa,96,False
3871,Consumer,Macau Peninsula,99,False
3872,Consumer,Macau Peninsula,57,False
3873,Consumer,Taipa,25,False
3874,Consumer,Macau Peninsula,53,True
3875,Consumer,Macau Peninsula,57,False
3876,Consumer,Other,48,False
3877,Consumer,Taipa,69,False
3878,Consumer,Macau Peninsula,50,False
3879,Consumer,Coloane,71,False
3880,Consumer,Other,37,False
3881,Consumer,Taipa,79,True
3882,Business,Macau Peninsula,38,True
3883,Business,Taipa,8,False
3884,Consumer,Macau Peninsula,100,True
3885,Consumer,Macau Peninsula,46,False
3886,Business,Macau Peninsula,76,False
3887,Consumer,Macau Peninsula,18,False
3888,Consumer,Macau Peninsula,73,False
3889,Consumer,Macau Peninsula,81,False
3890,Business,Macau Peninsula,30,True
3891,Consumer,Macau Peninsula,95,False
3892,Consumer,Macau Peninsula,90,False
3893,Business,Macau Peninsula,104,False
3894,Consumer,Macau Peninsula,104,False
3895,Consumer,Coloane,113,True
3896,Business,Taipa,52,True
3897,Consumer,Taipa,68,False
3898,Consumer,Macau Peninsula,100,False
3899,Consumer,Coloane,37,False
3900,Consumer,Coloane,33,False
3901,Consumer,Macau Peninsula,15,False
3902,Business,Macau Peninsula,95,False
3903,Consumer,Taipa,58,False
3904,Consumer,Macau Peninsula,41,False
3905,Consumer,Other,99,False
3906,Consumer,Taipa,12,True
3907,Consumer,Taipa,102,True
3908,Consumer,Macau Peninsula,43,False
3909,Consumer,Other,61,True
3910,Consumer,Taipa,21,True
3911,Business,Other,45,True
3912,Consumer,Taipa,55,False
3913,Consumer,Other,15,False
3914,Consumer,Taipa,84,False
3915,Consumer,Macau Peninsula,29,False
3916,Consumer,Macau Peninsula,42,True
3917,Consumer,Macau Peninsula,65,False
3918,Business,Macau Peninsula,63,False
3919,Consumer,Coloane,21,False
3920,Business,Macau Peninsula,31,False
3921,Business,Taipa,20,False
3922,Consumer,Macau Peninsula,82,True
3923,Consumer,Macau Peninsula,80,True
3924,Business,Macau Peninsula,86,False
3925,Consumer,Other,28,False
3926,Consumer,Taipa,52,False
3927,Consumer,Macau Peninsula,95,False
3928,Consumer,Macau Peninsula,17,False
3929,Consumer,Taipa,12,False
3930,Consumer,Other,6,False
3931,Business,Macau Peninsula,5,False
3932,Consumer,Other,109,False
3933,Consumer,Macau Peninsula,29,False
3934,Consumer,Taipa,98,False
3935,Consumer,Macau Peninsula,85,False
3936,Consumer,Taipa,20,False
3937,Consumer,Taipa,51,False
3938,Business,Macau Peninsula,11,False
3939,Consumer,Other,10,True
3940,Consumer,Coloane,83,False
3941,Consumer,Taipa,20,False
3942,Consumer,Coloane,41,True
3943,Consumer,Macau Peninsula,39,False
3944,Consumer,Macau Peninsula,75,False
3945,Consumer,Macau Peninsula,93,False
3946,Consumer,Macau Peninsula,100,False
3947,Consumer,Taipa,114,False
3948,Consumer,Taipa,36,False
3949,Consumer,Taipa,80,False
3950,Consumer,Other,21,False
3951,Business,Taipa,63,False
3952,Consumer,Macau Peninsula,55,False
3953,Consumer,Macau Peninsula,62,False
3954,Consumer,Macau Peninsula,30,True
3955,Business,Macau Peninsula,70,False
3956,Consumer,Taipa,43,False
3957,Consumer,Taipa,36,False
3958,Consumer,Macau Peninsula,108,False
3959,Consumer,Macau Peninsula,80,False
3960,Business,Taipa,91,False
3961,Consumer,Coloane,79,False
3962,Consumer,Macau Peninsula,14,False
3963,Business,Macau Peninsula,66,False
3964,Consumer,Taipa,59,False
3965,Consumer,Taipa,92,False
3966,Consumer,Macau Peninsula,10,False
3967,Consumer,Taipa,37,False
3968,Consumer,Taipa,116,False
3969,Consumer,Macau Peninsula,64,False
3970,Consumer,Macau Peninsula,65,False
3971,Consumer,Taipa,111,False
3972,Consumer,Macau Peninsula,51,False
3973,Business,Macau Peninsula,31,False
3974,Consumer,Other,86,True
3975,Business,Macau Peninsula,69,False
3976,Consumer,Macau Peninsula,60,True
3977,Consumer,Macau Peninsula,58,False
3978,Business,Taipa,52,True
3979,Consumer,Macau Peninsula,28,False
3980,Consumer,Coloane,50,False
3981,Consumer,Macau Peninsula,87,False
3982,Consumer,Coloane,30,True
3983,Consumer,Macau Peninsula,95,False
3984,Business,Macau Peninsula,58,False
3985,Consumer,Macau Peninsula,74,True
3986,Consumer,Macau Peninsula,29,False
3987,Consumer,Macau Peninsula,46,True
3988,Consumer,Macau Peninsula,36,False
3989,Consumer,Coloane,43,False
3990,Consumer,Taipa,54,True
3991,Consumer,Macau Peninsula,37,True
3992,Consumer,Taipa,69,False
3993,Consumer,Macau Peninsula,97,False
3994,Consumer,Coloane,21,True
3995,Consumer,Other,63,False
3996,Consumer,Coloane,68,False
3997,Consumer,Taipa,72,False
3998,Consumer,Macau Peninsula,63,False
3999,Consumer,Macau Peninsula,13,False
4000,Consumer,Taipa,36,False
4001,Consumer,Macau Peninsula,41,False
4002,Consumer,Other,120,True
4003,Business,Macau Peninsula,89,False
4004,Consumer,Macau Peninsula,108,False
4005,Consumer,Coloane,97,False
4006,Business,Macau Peninsula,70,False
4007,Consumer,Macau Peninsula,38,False
4008,Consumer,Coloane,113,False
4009,Consumer,Taipa,9,False
4010,Consumer,Macau Peninsula,21,True
4011,Consumer,Macau Peninsula,100,False
4012,Consumer,Macau Peninsula,9,False
4013,Consumer,Coloane,46,True
4014,Consumer,Coloane,114,False
4015,Consumer,Taipa,87,False
4016,Consumer,Macau Peninsula,54,True
4017,Consumer,Taipa,8,True
4018,Consumer,Macau Peninsula,93,False
4019,Consumer,Taipa,56,True
4020,Consumer,Other,65,False
4021,Consumer,Macau Peninsula,111,True
4022,Consumer,Other,16,False
4023,Consumer,Coloane,45,False
4024,Consumer,Macau Peninsula,66,False
4025,Business,Coloane,34,False
4026,Consumer,Macau Peninsula,18,False
4027,Consumer,Macau Peninsula,68,False
4028,Consumer,Macau Peninsula,21,False
4029,Consumer,Taipa,111,False
4030,Consumer,Taipa,7,False
4031,Consumer,Coloane,82,False
4032,Business,Macau Peninsula,39,False
4033,Consumer,Macau Peninsula,53,True
4034,Consumer,Macau Peninsula,64,False
4035,Consumer,Macau Peninsula,118,False
4036,Consumer,Macau Peninsula,117,False
4037,Consumer,Macau Peninsula,35,False
4038,Business,Taipa,32,False
4039,Consumer,Taipa,12,False
4040,Consumer,Macau Peninsula,69,False
4041,Business,Macau Peninsula,106,True
4042,Consumer,Macau Peninsula,51,False
4043,Consumer,Macau Peninsula,44,True
4044,Consumer,Macau Peninsula,111,True
4045,Consumer,Macau Peninsula,14,True
4046,Consumer,Taipa,50,False
4047,Consumer,Macau Peninsula,111,False
4048,Consumer,Taipa,24,True
4049,Consumer,Coloane,38,True
4050,Consumer,Other,103,False
4051,Business,Taipa,7,False
4052,Consumer,Macau Peninsula,36,False
4053,Consumer,Macau Peninsula,25,False
4054,Consumer,Macau Peninsula,38,False
4055,Consumer,Taipa,100,False
4056,Business,Taipa,93,False
4057,Consumer,Macau Peninsula,17,False
4058,Consumer,Taipa,116,False
4059,Consumer,Macau Peninsula,63,True
4060,Consumer,Taipa,62,False
4061,Consumer,Other,23,False
4062,Consumer,Macau Peninsula,91,True
4063,Consumer,Macau Peninsula,50,True
4064,Consumer,Coloane,39,True
4065,Business,Macau Peninsula,63,False
4066,Consumer,Macau Peninsula,114,False
4067,Consumer,Macau Peninsula,52,False
4068,Consumer,Macau Peninsula,31,False
4069,Business,Macau Peninsula,70,True
4070,Business,Macau Peninsula,78,False
4071,Consumer,Taipa,2,True
4072,Consumer,Macau Peninsula,65,False
4073,Business,Macau Peninsula,101,True
4074,Consumer,Macau Peninsula,46,False
4075,Consumer,Macau Peninsula,91,False
4076,Consumer,Taipa,66,False
4077,Consumer,Macau Peninsula,91,False
4078,Business,Other,79,False
4079,Consumer,Taipa,62,False
4080,Consumer,Other,92,False
4081,Business,Other,28,False
4082,Business,Macau Peninsula,25,True
4083,Consumer,Coloane,87,False
4084,Consumer,Macau Peninsula,82,False
4085,Business,Macau Peninsula,34,True
4086,Business,Macau Peninsula,112,False
4087,Consumer,Coloane,73,False
4088,Business,Macau Peninsula,45,False
4089,Consumer,Macau Peninsula,98,False
4090,Consumer,Taipa,73,False
4091,Consumer,Macau Peninsula,6,False
4092,Consumer,Other,23,True
4093,Consumer,Taipa,9,False
4094,Consumer,Macau Peninsula,7,False
4095,Consumer,Macau Peninsula,52,True
4096,Consumer,Macau Peninsula,73,False
4097,Consumer,Macau Peninsula,9,False
4098,Business,Macau Peninsula,13,False
4099,Consumer,Taipa,72,False
4100,Consumer,Taipa,81,False
4101,Consumer,Taipa,117,False
4102,Consumer,Macau Peninsula,69,False
4103,Business,Taipa,20,True
4104,Consumer,Macau Peninsula,95,False
4105,Consumer,Taipa,70,False
4106,Business,Macau Peninsula,83,False
4107,Consumer,Taipa,45,False
4108,Consumer,Macau Peninsula,18,False
4109,Consumer,Other,5,False
4110,Consumer,Other,71,False
4111,Consumer,Other,70,False
4112,Consumer,Macau Peninsula,70,True
4113,Consumer,Other,77,False
4114,Consumer,Macau Peninsula,91,True
4115,Consumer,Taipa,47,False
4116,Consumer,Taipa,45,False
4117,Consumer,Macau Peninsula,1,False
4118,Consumer,Taipa,60,False
4119,Consumer,Taipa,29,False
4120,Business,Macau Peninsula,81,False
4121,Consumer,Taipa,48,False
4122,Business,Macau Peninsula,51,False
4123,Consumer,Macau Peninsula,96,False
4124,Consumer,Macau Peninsula,54,False
4125,Consumer,Other,60,False
4126,Consumer,Taipa,107,False
4127,Business,Taipa,30,False
4128,Consumer,Taipa,29,False
4129,Consumer,Taipa,101,False
4130,Consumer,Taipa,71,True
4131,Business,Coloane,13,False
4132,Consumer,Macau Peninsula,19,False
4133,Consumer,Other,47,False
4134,Consumer,Macau Peninsula,12,False
4135,Business,Taipa,39,False
4136,Consumer,Other,5,False
4137,Consumer,Taipa,27,False
4138,Consumer,Coloane,56,True
4139,Consumer,Macau Peninsula,21,True
4140,Business,Macau Peninsula,77,False
4141,Consumer,Taipa,16,False
4142,Consumer,Macau Peninsula,73,False
4143,Consumer,Macau Peninsula,84,False
4144,Consumer,Macau Peninsula,94,False
4145,Consumer,Taipa,14,True
4146,Consumer,Macau Peninsula,87,False
4147,Consumer,Macau Peninsula,23,False
4148,Business,Macau Peninsula,105,False
4149,Consumer,Macau Peninsula,18,False
4150,Consumer,Taipa,71,True
4151,Consumer,Taipa,33,True
4152,Consumer,Coloane,26,False
4153,Consumer,Macau Peninsula,34,False
4154,Consumer,Macau Peninsula,12,True
4155,Consumer,Coloane,4,False
4156,Consumer,Taipa,84,False
4157,Consumer,Taipa,117,True
4158,Business,Coloane,103,False
4159,Consumer,Taipa,106,False
4160,Consumer,Macau Peninsula,93,False
4161,Consumer,Macau Peninsula,41,True
4162,Consumer,Macau Peninsula,13,False
4163,Consumer,Taipa,106,False
4164,Consumer,Macau Peninsula,108,False
4165,Consumer,Macau Peninsula,26,False
4166,Business,Coloane,39,False
4167,Business,Macau Peninsula,1,False
4168,Consumer,Macau Peninsula,57,False
4169,Consumer,Macau Peninsula,4,False
4170,Consumer,Macau Peninsula,114,False
4171,Business,Other,29,False
4172,Business,Other,77,False
4173,Consumer,Other,103,False
4174,Consumer,Taipa,113,True
4175,Consumer,Macau Peninsula,60,False
4176,Consumer,Macau Peninsula,98,False
4177,Consumer,Taipa,94,True
4178,Business,Macau Peninsula,73,False
4179,Consumer,Macau Peninsula,84,False
4180,Business,Taipa,90,True
4181,Consumer,Taipa,71,False
4182,Consumer,Macau Peninsula,38,False
4183,Business,Taipa,23,False
4184,Consumer,Taipa,60,False
4185,Consumer,Macau Peninsula,7,True
4186,Business,Taipa,23,False
4187,Consumer,Taipa,8,True
4188,Consumer,Coloane,31,False
4189,Consumer,Taipa,97,True
4190,Consumer,Taipa,103,False
4191,Consumer,Macau Peninsula,1,False
4192,Consumer,Other,46,False
4193,Business,Taipa,18,False
4194,Business,Macau Peninsula,27,False
4195,Business,Macau Peninsula,79,False
4196,Consumer,Macau Peninsula,46,False
4197,Business,Macau Peninsula,13,False
4198,Business,Macau Peninsula,9,True
4199,Consumer,Taipa,86,False
4200,Consumer,Macau Peninsula,7,False
4201,Consumer,Macau Peninsula,46,False
4202,Consumer,Macau Peninsula,17,False
4203,Consumer,Taipa,98,False
4204,Business,Taipa,68,False
4205,Business,Macau Peninsula,4,True
4206,Consumer,Macau Peninsula,94,False
4207,Business,Macau Peninsula,89,False
4208,Consumer,Macau Peninsula,85,True
4209,Business,Other,120,True
4210,Consumer,Taipa,28,False
4211,Consumer,Taipa,51,False
4212,Consumer,Macau Peninsula,90,False
4213,Consumer,Macau Peninsula,5,False
4214,Consumer,Taipa,63,False
4215,Consumer,Macau Peninsula,41,False
4216,Business,Other,46,False
4217,Consumer,Taipa,59,False
4218,Consumer,Other,46,False
4219,Consumer,Macau Peninsula,118,False
4220,Consumer,Taipa,67,False
4221,Consumer,Macau Peninsula,88,True
4222,Consumer,Taipa,48,False
4223,Consumer,Macau Peninsula,65,False
4224,Business,Macau Peninsula,53,False
4225,Consumer,Other,58,False
4226,Business,Taipa,67,False
4227,Consumer,Coloane,103,False
4228,Consumer,Coloane,13,False
4229,Consumer,Macau Peninsula,49,True
4230,Consumer,Coloane,89,False
4231,Consumer,Macau Peninsula,73,True
4232,Business,Macau Peninsula,31,True
4233,Consumer,Macau Peninsula,89,False
4234,Consumer,Macau Peninsula,87,False
4235,Consumer,Macau Peninsula,36,False
4236,Consumer,Macau Peninsula,118,False
4237,Consumer,Macau Peninsula,61,False
4238,Consumer,Macau Peninsula,89,True
4239,Consumer,Taipa,36,False
4240,Consumer,Macau Peninsula,44,False
4241,Consumer,Macau Peninsula,40,False
4242,Business,Taipa,11,False
4243,Consumer,Other,22,True
4244,Consumer,Taipa,13,True
4245,Consumer,Taipa,104,False
4246,Consumer,Taipa,35,True
4247,Consumer,Macau Peninsula,52,True
4248,Consumer,Macau Peninsula,110,True
4249,Consumer,Macau Peninsula,20,True
4250,Consumer,Macau Peninsula,109,True
4251,Consumer,Macau Peninsula,65,False
4252,Consumer,Macau Peninsula,51,False
4253,Consumer,Macau Peninsula,108,False
4254,Consumer,Macau Peninsula,27,False
4255,Consumer,Taipa,77,False
4256,Consumer,Taipa,82,False
4257,Consumer,Taipa,108,False
4258,Consumer,Taipa,39,False
4259,Consumer,Macau Peninsula,66,False
4260,Consumer,Macau Peninsula,113,False
4261,Business,Taipa,44,True
4262,Consumer,Macau Peninsula,7,False
4263,Business,Macau Peninsula,25,False
4264,Consumer,Other,96,False
4265,Business,Taipa,47,False
4266,Business,Other,44,False
4267,Consumer,Taipa,87,True
4268,Consumer,Other,105,False
4269,Consumer,Coloane,27,False
4270,Consumer,Macau Peninsula,82,False
4271,Consumer,Macau Peninsula,118,False
4272,Consumer,Coloane,65,False
4273,Consumer,Taipa,24,True
4274,Consumer,Taipa,33,False
4275,Consumer,Macau Peninsula,58,False
4276,Consumer,Macau Peninsula,69,False
4277,Consumer,Taipa,85,False
4278,Consumer,Taipa,112,True
4279,Consumer,Macau Peninsula,32,False
4280,Consumer,Macau Peninsula,54,False
4281,Consumer,Macau Peninsula,63,False
4282,Consumer,Taipa,48,False
4283,Consumer,Macau Peninsula,107,True
4284,Consumer,Other,27,False
4285,Consumer,Macau Peninsula,79,False
4286,Consumer,Macau Peninsula,60,False
4287,Consumer,Macau Peninsula,1,False
4288,Consumer,Other,117,False
4289,Consumer,Macau Peninsula,23,False
4290,Business,Macau Peninsula,93,False
4291,Consumer,Macau Peninsula,15,False
4292,Business,Taipa,17,False
4293,Consumer,Macau Peninsula,27,True
4294,Consumer,Macau Peninsula,1,False
4295,Consumer,Macau Peninsula,109,False
4296,Consumer,Taipa,39,False
4297,Consumer,Macau Peninsula,21,True
4298,Consumer,Taipa,60,False
4299,Consumer,Macau Peninsula,40,True
4300,Consumer,Taipa,62,False
4301,Consumer,Macau Peninsula,8,False
4302,Consumer,Macau Peninsula,88,True
4303,Consumer,Macau Peninsula,56,False
4304,Business,Macau Peninsula,101,False
4305,Consumer,Macau Peninsula,23,False
4306,Consumer,Coloane,44,False
4307,Consumer,Other,14,False
4308,Consumer,Taipa,86,False
4309,Consumer,Macau Peninsula,108,False
4310,Consumer,Macau Peninsula,114,True
4311,Business,Other,80,True
4312,Consumer,Taipa,75,False
4313,Business,Macau Peninsula,104,False
4314,Consumer,Macau Peninsula,7,True
4315,Business,Other,8,True
4316,Consumer,Macau Peninsula,95,False
4317,Consumer,Taipa,8,False
4318,Consumer,Macau Peninsula,74,False
4319,Consumer,Macau Peninsula,36,True
4320,Business,Macau Peninsula,49,False
4321,Consumer,Macau Peninsula,8,False
4322,Consumer,Macau Peninsula,70,False
4323,Consumer,Macau Peninsula,83,False
4324,Consumer,Macau Peninsula,107,False
4325,Consumer,Other,40,False
4326,Business,Coloane,112,True
4327,Business,Macau Peninsula,48,False
4328,Consumer,Taipa,76,False
4329,Consumer,Macau Peninsula,16,False
4330,Business,Macau Peninsula,57,False
4331,Consumer,Taipa,109,True
4332,Consumer,Taipa,20,False
4333,Consumer,Coloane,43,False
4334,Business,Taipa,70,False
4335,Consumer,Macau Peninsula,52,False
4336,Consumer,Macau Peninsula,23,False
4337,Consumer,Taipa,98,False
4338,Business,Macau Peninsula,88,True
4339,Business,Taipa,28,False
4340,Consumer,Macau Peninsula,2,False
4341,Business,Taipa,117,True
4342,Consumer,Macau Peninsula,44,False
4343,Business,Macau Peninsula,96,False
4344,Consumer,Macau Peninsula,33,False
4345,Business,Macau Peninsula,109,False
4346,Consumer,Macau Peninsula,95,False
4347,Consumer,Taipa,77,False
4348,Consumer,Macau Peninsula,52,False
4349,Consumer,Macau Peninsula,64,False
4350,Consumer,Taipa,16,False
4351,Consumer,Taipa,93,False
4352,Consumer,Macau Peninsula,68,False
4353,Consumer,Macau Peninsula,69,False
4354,Consumer,Taipa,17,False
4355,Consumer,Taipa,111,True
4356,Consumer,Taipa,65,False
4357,Consumer,Macau Peninsula,37,False
4358,Consumer,Taipa,37,False
4359,Consumer,Taipa,77,True
4360,Consumer,Macau Peninsula,71,False
4361,Consumer,Taipa,90,False
4362,Consumer,Macau Peninsula,46,False
4363,Consumer,Macau Peninsula,83,True
4364,Consumer,Coloane,109,False
4365,Consumer,Macau Peninsula,41,False
4366,Consumer,Macau Peninsula,104,False
4367,Consumer,Macau Peninsula,3,False
4368,Business,Macau Peninsula,29,False
4369,Consumer,Taipa,8,False
4370,Consumer,Macau Peninsula,115,False
4371,Consumer,Other,112,False
4372,Consumer,Other,101,False
4373,Business,Taipa,120,False
4374,Consumer,Macau Peninsula,53,False
4375,Consumer,Macau Peninsula,119,False
4376,Consumer,Coloane,105,False
4377,Consumer,Macau Peninsula,50,False
4378,Consumer,Macau Peninsula,35,True
4379,Consumer,Macau Peninsula,30,False
4380,Consumer,Macau Peninsula,79,False
4381,Consumer,Coloane,67,True
4382,Consumer,Taipa,111,True
4383,Consumer,Macau Peninsula,104,False
4384,Business,Macau Peninsula,64,False
4385,Consumer,Macau Peninsula,98,False
4386,Business,Macau Peninsula,67,False
4387,Consumer,Macau Peninsula,17,True
4388,Consumer,Macau Peninsula,79,False
4389,Consumer,Taipa,59,False
4390,Consumer,Macau Peninsula,6,False
4391,Consumer,Other,29,False
4392,Business,Taipa,36,True
4393,Business,Taipa,33,True
4394,Consumer,Macau Peninsula,69,False
4395,Business,Macau Peninsula,57,False
4396,Business,Macau Peninsula,18,False
4397,Consumer,Taipa,64,True
4398,Consumer,Macau Peninsula,92,False
4399,Consumer,Macau Peninsula,16,False
4400,Consumer,Macau Peninsula,16,False
4401,Consumer,Taipa,35,False
4402,Consumer,Macau Peninsula,10,True
4403,Business,Macau Peninsula,21,False
4404,Consumer,Macau Peninsula,44,False
4405,Consumer,Macau Peninsula,76,False
4406,Consumer,Other,42,False
4407,Consumer,Coloane,70,False
4408,Consumer,Macau Peninsula,36,False
4409,Consumer,Macau Peninsula,90,False
4410,Consumer,Macau Peninsula,49,False
4411,Consumer,Taipa,68,False
4412,Consumer,Taipa,60,False
4413,Consumer,Taipa,24,False
4414,Consumer,Macau Peninsula,88,True
4415,Consumer,Macau Peninsula,69,False
4416,Consumer,Macau Peninsula,75,False
4417,Business,Coloane,78,False
4418,Consumer,Coloane,7,False
4419,Consumer,Taipa,38,False
4420,Consumer,Macau Peninsula,77,False
4421,Consumer,Taipa,103,False
4422,Consumer,Macau Peninsula,45,True
4423,Consumer,Macau Peninsula,91,False
4424,Business,Other,99,False
4425,Business,Macau Peninsula,76,False
4426,Consumer,Coloane,34,True
4427,Business,Other,41,False
4428,Business,Coloane,70,False
4429,Business,Coloane,109,False
4430,Consumer,Taipa,17,False
4431,Consumer,Other,57,True
4432,Consumer,Coloane,87,False
4433,Consumer,Taipa,93,False
4434,Consumer,Macau Peninsula,120,False
4435,Consumer,Macau Peninsula,54,False
4436,Consumer,Coloane,103,False
4437,Consumer,Other,73,True
4438,Consumer,Macau Peninsula,27,False
4439,Consumer,Macau Peninsula,88,False
4440,Consumer,Macau Peninsula,10,False
4441,Consumer,Macau Peninsula,89,False
4442,Business,Macau Peninsula,73,False
4443,Consumer,Macau Peninsula,2,False
4444,Consumer,Macau Peninsula,74,False
4445,Consumer,Other,10,False
4446,Consumer,Macau Peninsula,10,False
4447,Consumer,Taipa,79,False
4448,Consumer,Macau Peninsula,92,False
4449,Business,Macau Peninsula,51,False
4450,Consumer,Taipa,14,False
4451,Consumer,Taipa,77,False
4452,Consumer,Taipa,6,False
4453,Consumer,Other,105,True
4454,Consumer,Other,75,False
4455,Consumer,Macau Peninsula,91,False
4456,Business,Taipa,52,True
4457,Consumer,Macau Peninsula,20,True
4458,Consumer,Macau Peninsula,28,False
4459,Consumer,Macau Peninsula,106,False
4460,Consumer,Taipa,62,False
4461,Consumer,Macau Peninsula,96,False
4462,Consumer,Macau Peninsula,59,False
4463,Business,Other,43,False
4464,Consumer,Macau Peninsula,107,False
4465,Consumer,Macau Peninsula,105,False
4466,Business,Macau Peninsula,26,False
4467,Consumer,Taipa,39,True
4468,Consumer,Taipa,33,True
4469,Business,Macau Peninsula,69,True
4470,Consumer,Taipa,78,False
4471,Consumer,Taipa,58,False
4472,Consumer,Macau Peninsula,72,True
4473,Business,Macau Peninsula,66,False
4474,Consumer,Taipa,20,False
4475,Consumer,Other,25,False
4476,Consumer,Macau Peninsula,96,False
4477,Consumer,Macau Peninsula,115,False
4478,Consumer,Macau Peninsula,35,False
4479,Consumer,Taipa,65,False
4480,Consumer,Macau Peninsula,46,False
4481,Consumer,Taipa,83,False
4482,Consumer,Taipa,48,False
4483,Consumer,Macau Peninsula,52,False
4484,Consumer,Macau Peninsula,9,False
4485,Consumer,Macau Peninsula,5,False
4486,Business,Macau Peninsula,90,False
4487,Consumer,Macau Peninsula,115,True
4488,Consumer,Macau Peninsula,17,False
4489,Consumer,Macau Peninsula,100,True
4490,Consumer,Macau Peninsula,33,False
4491,Consumer,Macau Peninsula,67,True
4492,Consumer,Taipa,76,True
4493,Consumer,Macau Peninsula,67,False
4494,Consumer,Macau Peninsula,36,False
4495,Consumer,Taipa,118,False
4496,Consumer,Macau Peninsula,114,False
4497,Consumer,Macau Peninsula,35,False
4498,Consumer,Macau Peninsula,36,True
4499,Consumer,Coloane,57,False
4500,Consumer,Macau Peninsula,22,False
4501,Consumer,Taipa,79,False
4502,Consumer,Macau Peninsula,93,False
4503,Consumer,Macau Peninsula,115,False
4504,Consumer,Macau Peninsula,33,True
4505,Consumer,Taipa,52,False
4506,Consumer,Taipa,97,False
4507,Business,Coloane,48,True
4508,Consumer,Macau Peninsula,59,False
4509,Business,Taipa,111,False
4510,Consumer,Taipa,95,False
4511,Consumer,Taipa,120,True
4512,Consumer,Macau Peninsula,92,False
4513,Consumer,Macau Peninsula,84,True
4514,Consumer,Macau Peninsula,109,False
4515,Consumer,Macau Peninsula,67,False
4516,Consumer,Taipa,110,False
4517,Consumer,Macau Peninsula,33,True
4518,Consumer,Taipa,88,True
4519,Consumer,Taipa,29,False
4520,Consumer,Macau Peninsula,95,False
4521,Business,Macau Peninsula,2,False
4522,Consumer,Taipa,119,False
4523,Consumer,Macau Peninsula,55,False
4524,Consumer,Macau Peninsula,90,False
4525,Consumer,Taipa,61,False
4526,Consumer,Macau Peninsula,3,True
4527,Consumer,Macau Peninsula,12,False
4528,Consumer,Macau Peninsula,4,True
4529,Business,Taipa,12,True
4530,Consumer,Macau Peninsula,102,False
4531,Consumer,Macau Peninsula,52,False
4532,Consumer,Macau Peninsula,16,True
4533,Consumer,Macau Peninsula,50,True
4534,Consumer,Macau Peninsula,105,False
4535,Consumer,Macau Peninsula,39,False
4536,Consumer,Macau Peninsula,90,True
4537,Business,Coloane,25,False
4538,Consumer,Coloane,101,False
4539,Consumer,Taipa,106,False
4540,Consumer,Macau Peninsula,47,False
4541,Business,Macau Peninsula,3,True
4542,Business,Macau Peninsula,39,True
4543,Consumer,Other,92,False
4544,Consumer,Taipa,56,False
4545,Consumer,Coloane,80,False
4546,Consumer,Taipa,100,False
4547,Consumer,Other,76,False
4548,Consumer,Other,94,True
4549,Consumer,Coloane,67,False
4550,Consumer,Macau Peninsula,99,False
4551,Consumer,Macau Peninsula,92,False
4552,Consumer,Taipa,93,False
4553,Consumer,Other,38,False
4554,Consumer,Coloane,4,False
4555,Business,Taipa,97,False
4556,Consumer,Taipa,16,False
4557,Business,Other,30,True
4558,Consumer,Macau Peninsula,1,True
4559,Consumer,Macau Peninsula,117,True
4560,Business,Macau Peninsula,75,False
4561,Consumer,Taipa,69,False
4562,Consumer,Macau Peninsula,14,False
4563,Consumer,Macau Peninsula,97,False
4564,Consumer,Macau Peninsula,77,False
4565,Business,Macau Peninsula,73,True
4566,Consumer,Other,30,True
4567,Consumer,Taipa,26,False
4568,Consumer,Taipa,18,False
4569,Consumer,Taipa,87,False
4570,Consumer,Macau Peninsula,58,False
4571,Consumer,Taipa,69,True
4572,Consumer,Coloane,87,False
4573,Consumer,Macau Peninsula,102,False
4574,Consumer,Taipa,30,False
4575,Consumer,Other,117,False
4576,Consumer,Macau Peninsula,73,False
4577,Consumer,Macau Peninsula,8,False
4578,Consumer,Macau Peninsula,93,False
4579,Consumer,Taipa,6,False
4580,Consumer,Coloane,59,False
4581,Consumer,Taipa,3,False
4582,Consumer,Macau Peninsula,25,False
4583,Consumer,Macau Peninsula,9,False
4584,Consumer,Coloane,90,False
4585,Business,Macau Peninsula,104,False
4586,Consumer,Macau Peninsula,118,False
4587,Consumer,Other,23,False
4588,Business,Taipa,88,False
4589,Business,Other,115,False
4590,Consumer,Macau Peninsula,102,False
4591,Consumer,Taipa,86,True
4592,Consumer,Taipa,95,True
4593,Consumer,Macau Peninsula,36,False
4594,Business,Macau Peninsula,13,False
4595,Consumer,Taipa,27,True
4596,Business,Macau Peninsula,51,False
4597,Business,Taipa,41,False
4598,Business,Macau Peninsula,63,False
4599,Consumer,Macau Peninsula,103,False
4600,Consumer,Macau Peninsula,61,False
4601,Consumer,Taipa,55,False
4602,Consumer,Macau Peninsula,109,True
4603,Consumer,Macau Peninsula,76,False
4604,Business,Taipa,102,True
4605,Consumer,Taipa,110,False
4606,Consumer,Coloane,46,False
4607,Consumer,Macau Peninsula,35,False
4608,Consumer,Macau Peninsula,75,False
4609,Consumer,Macau Peninsula,46,False
4610,Consumer,Taipa,81,False
4611,Consumer,Macau Peninsula,65,False
4612,Consumer,Macau Peninsula,27,False
4613,Consumer,Macau Peninsula,98,False
4614,Consumer,Macau Peninsula,57,False
4615,Consumer,Taipa,86,True
4616,Consumer,Macau Peninsula,102,False
4617,Business,Macau Peninsula,109,False
4618,Consumer,Taipa,27,False
4619,Consumer,Taipa,42,False
4620,Consumer,Taipa,113,False
4621,Business,Macau Peninsula,91,False
4622,Consumer,Macau Peninsula,18,True
4623,Business,Macau Peninsula,98,False
4624,Consumer,Macau Peninsula,20,False
4625,Consumer,Macau Peninsula,65,False
4626,Consumer,Taipa,59,False
4627,Consumer,Coloane,22,True
4628,Consumer,Taipa,79,False
4629,Consumer,Taipa,59,False
4630,Consumer,Macau Peninsula,50,False
4631,Consumer,Taipa,9,False
4632,Consumer,Macau Peninsula,85,False
4633,Consumer,Macau Peninsula,104,False
4634,Consumer,Taipa,52,False
4635,Consumer,Macau Peninsula,107,True
4636,Consumer,Taipa,82,False
4637,Consumer,Macau Peninsula,36,False
4638,Consumer,Macau Peninsula,12,False
4639,Consumer,Taipa,76,True
4640,Business,Macau Peninsula,106,False
4641,Consumer,Taipa,113,True
4642,Consumer,Taipa,36,False
4643,Consumer,Macau Peninsula,20,True
4644,Consumer,Macau Peninsula,92,False
4645,Consumer,Taipa,105,True
4646,Consumer,Other,96,False
4647,Business,Macau Peninsula,76,False
4648,Consumer,Taipa,39,True
4649,Consumer,Macau Peninsula,90,False
4650,Consumer,Macau Peninsula,2,False
4651,Consumer,Macau Peninsula,90,True
4652,Consumer,Macau Peninsula,84,False
4653,Consumer,Other,51,False
4654,Consumer,Macau Peninsula,60,False
4655,Consumer,Macau Peninsula,106,False
4656,Consumer,Macau Peninsula,49,False
4657,Business,Taipa,89,False
4658,Consumer,Taipa,20,True
4659,Consumer,Taipa,89,False
4660,Business,Taipa,111,False
4661,Consumer,Macau Peninsula,91,False
4662,Consumer,Taipa,66,False
4663,Consumer,Taipa,59,True
4664,Consumer,Taipa,61,False
4665,Consumer,Macau Peninsula,94,False
4666,Consumer,Macau Peninsula,18,True
4667,Consumer,Other,4,True
4668,Business,Macau Peninsula,108,False
4669,Consumer,Macau Peninsula,65,False
4670,Consumer,Taipa,32,False
4671,Business,Macau Peninsula,104,False
4672,Consumer,Taipa,79,False
4673,Consumer,Macau Peninsula,12,False
4674,Consumer,Macau Peninsula,26,True
4675,Consumer,Taipa,45,True
4676,Consumer,Macau Peninsula,117,False
4677,Consumer,Taipa,30,True
4678,Consumer,Macau Peninsula,78,False
4679,Consumer,Other,41,False
4680,Consumer,Taipa,41,False
4681,Consumer,Macau Peninsula,110,False
4682,Consumer,Macau Peninsula,87,False
4683,Consumer,Macau Peninsula,5,True
4684,Business,Macau Peninsula,12,False
4685,Consumer,Other,116,False
4686,Consumer,Taipa,44,True
4687,Consumer,Macau Peninsula,12,True
4688,Consumer,Macau Peninsula,41,False
4689,Business,Taipa,1,True
4690,Consumer,Coloane,47,True
4691,Consumer,Macau Peninsula,46,False
4692,Consumer,Macau Peninsula,33,False
4693,Consumer,Macau Peninsula,31,True
4694,Consumer,Macau Peninsula,46,True
4695,Consumer,Macau Peninsula,61,False
4696,Consumer,Other,99,False
4697,Consumer,Taipa,114,False
4698,Consumer,Macau Peninsula,94,False
4699,Consumer,Taipa,3,False
4700,Consumer,Other,32,False
4701,Consumer,Coloane,116,False
4702,Consumer,Coloane,59,False
4703,Consumer,Macau Peninsula,115,False
4704,Consumer,Taipa,106,False
4705,Consumer,Macau Peninsula,68,False
4706,Consumer,Other,88,False
4707,Consumer,Other,35,False
4708,Consumer,Macau Peninsula,52,True
4709,Business,Macau Peninsula,116,False
4710,Consumer,Taipa,6,False
4711,Business,Taipa,87,False
4712,Consumer,Taipa,81,False
4713,Consumer,Macau Peninsula,1,False
4714,Consumer,Other,13,False
4715,Consumer,Taipa,59,True
4716,Business,Taipa,54,False
4717,Consumer,Other,56,False
4718,Consumer,Coloane,26,True
4719,Business,Taipa,83,False
4720,Consumer,Taipa,47,True
4721,Business,Taipa,21,False
4722,Consumer,Macau Peninsula,63,False
4723,Consumer,Taipa,106,False
4724,Consumer,Macau Peninsula,4,True
4725,Business,Macau Peninsula,97,False
4726,Consumer,Taipa,64,False
4727,Consumer,Taipa,33,False
4728,Consumer,Macau Peninsula,91,False
4729,Consumer,Macau Peninsula,91,False
4730,Business,Macau Peninsula,26,False
4731,Consumer,Taipa,111,False
4732,Business,Other,71,False
4733,Consumer,Macau Peninsula,28,False
4734,Business,Macau Peninsula,42,False
4735,Consumer,Coloane,13,False
4736,Consumer,Taipa,116,False
4737,Business,Other,18,True
4738,Consumer,Macau Peninsula,74,False
4739,Consumer,Macau Peninsula,56,False
4740,Consumer,Macau Peninsula,68,False
4741,Consumer,Taipa,4,False
4742,Consumer,Taipa,53,False
4743,Consumer,Other,44,False
4744,Consumer,Taipa,69,False
4745,Consumer,Macau Peninsula,114,True
4746,Consumer,Taipa,34,False
4747,Consumer,Other,14,True
4748,Consumer,Coloane,44,False
4749,Business,Coloane,67,False
4750,Consumer,Other,46,False
4751,Consumer,Taipa,120,False
4752,Consumer,Macau Peninsula,6,False
4753,Consumer,Macau Peninsula,64,False
4754,Consumer,Other,119,False
4755,Consumer,Macau Peninsula,32,False
4756,Business,Taipa,84,False
4757,Consumer,Taipa,83,False
4758,Consumer,Coloane,47,False
4759,Business,Macau Peninsula,49,False
4760,Business,Macau Peninsula,74,False
4761,Business,Taipa,50,False
4762,Consumer,Macau Peninsula,82,False
4763,Consumer,Macau Peninsula,46,False
4764,Consumer,Taipa,119,False
4765,Business,Macau Peninsula,24,True
4766,Consumer,Taipa,25,False
4767,Business,Macau Peninsula,112,False
4768,Business,Macau Peninsula,96,False
4769,Consumer,Macau Peninsula,25,False
4770,Consumer,Taipa,11,False
4771,Consumer,Taipa,7,False
4772,Business,Taipa,6,True
4773,Business,Macau Peninsula,92,False
4774,Consumer,Macau Peninsula,25,False
4775,Consumer,Macau Peninsula,106,False
4776,Consumer,Macau Peninsula,61,False
4777,Business,Coloane,112,False
4778,Consumer,Taipa,66,False
4779,Consumer,Coloane,39,True
4780,Business,Taipa,89,False
4781,Consumer,Macau Peninsula,42,False
4782,Consumer,Taipa,107,True
4783,Consumer,Other,38,False
4784,Consumer,Macau Peninsula,79,False
4785,Business,Macau Peninsula,78,False
4786,Consumer,Macau Peninsula,5,False
4787,Consumer,Macau Peninsula,50,False
4788,Consumer,Coloane,64,False
4789,Consumer,Coloane,1,False
4790,Consumer,Macau Peninsula,78,False
4791,Consumer,Coloane,102,False
4792,Consumer,Macau Peninsula,13,False
4793,Consumer,Macau Peninsula,70,False
4794,Consumer,Macau Peninsula,78,True
4795,Consumer,Macau Peninsula,59,False
4796,Consumer,Taipa,48,False
4797,Consumer,Macau Peninsula,3,False
4798,Consumer,Other,56,False
4799,Consumer,Macau Peninsula,59,False
4800,Consumer,Macau Peninsula,29,False
4801,Consumer,Other,68,False
4802,Consumer,Macau Peninsula,52,True
4803,Consumer,Macau Peninsula,27,False
4804,Consumer,Macau Peninsula,38,False
4805,Consumer,Macau Peninsula,68,False
4806,Business,Macau Peninsula,64,False
4807,Consumer,Macau Peninsula,79,False
4808,Consumer,Macau Peninsula,95,False
4809,Consumer,Taipa,66,False
4810,Consumer,Macau Peninsula,103,False
4811,Consumer,Macau Peninsula,33,False
4812,Consumer,Macau Peninsula,67,True
4813,Consumer,Taipa,44,False
4814,Consumer,Other,31,True
4815,Consumer,Taipa,117,False
4816,Consumer,Other,74,True
4817,Consumer,Taipa,49,True
4818,Consumer,Macau Peninsula,18,True
4819,Consumer,Macau Peninsula,17,False
4820,Consumer,Coloane,30,False
4821,Consumer,Taipa,21,False
4822,Consumer,Taipa,107,False
4823,Consumer,Macau Peninsula,97,False
4824,Consumer,Coloane,51,False
4825,Business,Macau Peninsula,104,False
4826,Consumer,Macau Peninsula,26,False
4827,Consumer,Taipa,108,True
4828,Business,Macau Peninsula,76,False
4829,Consumer,Taipa,95,False
4830,Consumer,Macau Peninsula,29,True
4831,Business,Taipa,101,False
4832,Consumer,Taipa,67,False
4833,Consumer,Taipa,89,True
4834,Consumer,Macau Peninsula,37,False
4835,Consumer,Macau Peninsula,69,False
4836,Consumer,Macau Peninsula,103,False
4837,Consumer,Macau Peninsula,66,False
4838,Consumer,Macau Peninsula,98,False
4839,Consumer,Taipa,72,False
4840,Business,Other,40,False
4841,Consumer,Macau Peninsula,84,False
4842,Business,Macau Peninsula,109,False
4843,Consumer,Taipa,15,True
4844,Consumer,Taipa,98,False
4845,Consumer,Macau Peninsula,117,False
4846,Consumer,Macau Peninsula,66,False
4847,Business,Taipa,68,False
4848,Business,Macau Peninsula,89,False
4849,Consumer,Macau Peninsula,70,True
4850,Consumer,Macau Peninsula,85,False
4851,Consumer,Macau Peninsula,63,False
4852,Business,Macau Peninsula,14,False
4853,Consumer,Taipa,62,False
4854,Consumer,Other,22,True
4855,Consumer,Macau Peninsula,67,True
4856,Consumer,Taipa,36,False
4857,Consumer,Macau Peninsula,45,False
4858,Consumer,Macau Peninsula,64,False
4859,Consumer,Coloane,63,False
4860,Consumer,Other,114,False
4861,Consumer,Macau Peninsula,32,False
4862,Consumer,Taipa,29,True
4863,Business,Macau Peninsula,66,False
4864,Consumer,Macau Peninsula,102,False
4865,Consumer,Macau Peninsula,58,True
4866,Consumer,Macau Peninsula,62,True
4867,Consumer,Macau Peninsula,104,False
4868,Consumer,Macau Peninsula,10,False
4869,Business,Macau Peninsula,112,False
4870,Business,Taipa,64,False
4871,Consumer,Macau Peninsula,97,False
4872,Consumer,Macau Peninsula,48,False
4873,Consumer,Macau Peninsula,107,False
4874,Consumer,Taipa,78,False
4875,Consumer,Macau Peninsula,60,False
4876,Consumer,Other,59,False
4877,Consumer,Taipa,68,False
4878,Consumer,Macau Peninsula,5,False
4879,Business,Macau Peninsula,51,False
4880,Consumer,Macau Peninsula,116,False
4881,Consumer,Macau Peninsula,49,True
4882,Consumer,Macau Peninsula,120,False
4883,Consumer,Taipa,70,False
4884,Consumer,Macau Peninsula,17,False
4885,Business,Coloane,58,False
4886,Consumer,Macau Peninsula,30,False
4887,Consumer,Other,27,False
4888,Consumer,Macau Peninsula,88,True
4889,Consumer,Macau Peninsula,109,True
4890,Consumer,Taipa,88,False
4891,Consumer,Macau Peninsula,52,False
4892,Consumer,Taipa,34,False
4893,Consumer,Other,1,True
4894,Consumer,Macau Peninsula,65,False
4895,Consumer,Other,75,True
4896,Consumer,Macau Peninsula,99,True
4897,Consumer,Macau Peninsula,87,False
4898,Consumer,Macau Peninsula,23,True
4899,Consumer,Macau Peninsula,63,False
4900,Consumer,Taipa,33,False
4901,Consumer,Macau Peninsula,103,False
4902,Business,Macau Peninsula,102,False
4903,Consumer,Taipa,14,True
4904,Consumer,Macau Peninsula,119,True
4905,Consumer,Coloane,96,False
4906,Consumer,Taipa,7,False
4907,Consumer,Taipa,17,False
4908,Consumer,Macau Peninsula,53,False
4909,Consumer,Other,8,True
4910,Consumer,Macau Peninsula,72,False
4911,Consumer,Macau Peninsula,68,True
4912,Consumer,Macau Peninsula,97,False
4913,Consumer,Macau Peninsula,41,True
4914,Consumer,Macau Peninsula,102,True
4915,Consumer,Taipa,27,False
4916,Consumer,Macau Peninsula,120,False
4917,Consumer,Other,31,False
4918,Business,Macau Peninsula,66,False
4919,Consumer,Macau Peninsula,105,False
4920,Consumer,Macau Peninsula,69,False
4921,Consumer,Macau Peninsula,71,False
4922,Consumer,Taipa,111,False
4923,Consumer,Taipa,58,False
4924,Consumer,Macau Peninsula,53,False
4925,Business,Taipa,80,False
4926,Consumer,Macau Peninsula,62,False
4927,Consumer,Macau Peninsula,56,False
4928,Consumer,Coloane,111,False
4929,Consumer,Taipa,116,False
4930,Consumer,Macau Peninsula,53,False
4931,Business,Macau Peninsula,35,False
4932,Consumer,Macau Peninsula,4,False
4933,Business,Macau Peninsula,93,False
4934,Consumer,Taipa,2,False
4935,Consumer,Coloane,39,False
4936,Consumer,Macau Peninsula,90,False
4937,Consumer,Taipa,48,False
4938,Consumer,Macau Peninsula,109,True
4939,Consumer,Macau Peninsula,107,True
4940,Consumer,Macau Peninsula,13,True
4941,Consumer,Taipa,29,False
4942,Consumer,Other,35,False
4943,Consumer,Taipa,27,False
4944,Consumer,Macau Peninsula,114,False
4945,Consumer,Macau Peninsula,108,False
4946,Consumer,Coloane,10,False
4947,Consumer,Macau Peninsula,120,False
4948,Consumer,Taipa,101,False
4949,Consumer,Macau Peninsula,46,True
4950,Consumer,Macau Peninsula,90,False
4951,Consumer,Taipa,8,False
4952,Consumer,Macau Peninsula,13,False
4953,Consumer,Macau Peninsula,41,False
4954,Consumer,Coloane,27,False
4955,Consumer,Taipa,2,True
4956,Consumer,Macau Peninsula,16,True
4957,Consumer,Taipa,11,False
4958,Consumer,Coloane,99,False
4959,Consumer,Macau Peninsula,89,False
4960,Consumer,Macau Peninsula,89,False
4961,Consumer,Macau Peninsula,88,False
4962,Consumer,Macau Peninsula,81,False
4963,Consumer,Macau Peninsula,14,False
4964,Consumer,Taipa,29,False
4965,Consumer,Macau Peninsula,16,False
4966,Consumer,Macau Peninsula,60,False
4967,Consumer,Macau Peninsula,8,False
4968,Consumer,Coloane,85,False
4969,Consumer,Taipa,51,False
4970,Consumer,Taipa,54,False
4971,Business,Taipa,10,False
4972,Consumer,Coloane,104,False
4973,Consumer,Macau Peninsula,108,False
4974,Consumer,Macau Peninsula,117,True
4975,Consumer,Taipa,102,False
4976,Consumer,Macau Peninsula,60,True
4977,Business,Taipa,102,False
4978,Consumer,Taipa,17,False
4979,Consumer,Macau Peninsula,98,False
4980,Consumer,Macau Peninsula,10,False
4981,Consumer,Macau Peninsula,49,False
4982,Business,Other,104,True
4983,Consumer,Taipa,87,False
4984,Consumer,Taipa,114,True
4985,Consumer,Macau Peninsula,48,False
4986,Consumer,Other,91,False
4987,Consumer,Taipa,22,False
4988,Business,Taipa,21,False
4989,Consumer,Macau Peninsula,54,False
4990,Consumer,Taipa,32,False
4991,Business,Other,119,False
4992,Consumer,Macau Peninsula,2,False
4993,Consumer,Macau Peninsula,24,False
4994,Consumer,Macau Peninsula,106,True
4995,Consumer,Taipa,94,False
4996,Consumer,Macau Peninsula,53,False
4997,Business,Other,27,False
4998,Business,Macau Peninsula,73,False
4999,Consumer,Taipa,78,False
5000,Consumer,Taipa,99,True
5001,Consumer,Macau Peninsula,85,False
5002,Consumer,Macau Peninsula,61,False
5003,Business,Macau Peninsula,71,False
5004,Business,Macau Peninsula,83,True
5005,Consumer,Macau Peninsula,61,False
5006,Business,Taipa,69,False
5007,Consumer,Macau Peninsula,43,True
5008,Consumer,Macau Peninsula,97,True
5009,Consumer,Other,45,True
5010,Consumer,Macau Peninsula,79,False
5011,Consumer,Taipa,115,False
5012,Consumer,Macau Peninsula,34,False
5013,Consumer,Macau Peninsula,103,True
5014,Consumer,Taipa,9,False
5015,Consumer,Taipa,118,True
5016,Consumer,Taipa,57,False
5017,Business,Macau Peninsula,35,False
5018,Consumer,Macau Peninsula,36,True
5019,Consumer,Taipa,43,False
5020,Consumer,Macau Peninsula,83,False
5021,Consumer,Taipa,110,True
5022,Business,Taipa,60,False
5023,Consumer,Macau Peninsula,92,False
5024,Business,Coloane,104,False
5025,Consumer,Taipa,59,True
5026,Business,Taipa,24,False
5027,Business,Other,102,False
5028,Business,Taipa,45,False
5029,Consumer,Macau Peninsula,64,False
5030,Business,Taipa,18,False
5031,Business,Macau Peninsula,18,False
5032,Consumer,Macau Peninsula,101,False
5033,Consumer,Macau Peninsula,69,False
5034,Consumer,Macau Peninsula,67,False
5035,Business,Taipa,51,False
5036,Consumer,Macau Peninsula,106,True
5037,Consumer,Macau Peninsula,39,False
5038,Business,Macau Peninsula,23,False
5039,Consumer,Taipa,75,False
5040,Consumer,Coloane,98,False
5041,Consumer,Macau Peninsula,120,True
5042,Consumer,Taipa,105,False
5043,Consumer,Macau Peninsula,43,True
5044,Consumer,Taipa,116,True
5045,Consumer,Macau Peninsula,44,True
5046,Business,Coloane,27,True
5047,Consumer,Macau Peninsula,28,False
5048,Consumer,Taipa,68,False
5049,Consumer,Coloane,6,False
5050,Consumer,Macau Peninsula,61,False
5051,Consumer,Taipa,16,False
5052,Consumer,Taipa,70,False
5053,Consumer,Macau Peninsula,114,False
5054,Consumer,Other,106,False
5055,Business,Macau Peninsula,111,False
5056,Consumer,Macau Peninsula,43,False
5057,Business,Taipa,47,True
5058,Consumer,Macau Peninsula,117,False
5059,Consumer,Taipa,27,False
5060,Consumer,Macau Peninsula,22,False
5061,Consumer,Taipa,71,False
5062,Consumer,Macau Peninsula,18,True
5063,Consumer,Other,89,True
5064,Consumer,Macau Peninsula,67,False
5065,Consumer,Other,22,False
5066,Consumer,Coloane,65,False
5067,Consumer,Macau Peninsula,113,False
5068,Consumer,Macau Peninsula,19,False
5069,Business,Taipa,62,False
5070,Consumer,Macau Peninsula,14,True
5071,Consumer,Macau Peninsula,53,False
5072,Consumer,Macau Peninsula,26,True
5073,Business,Other,33,True
5074,Consumer,Macau Peninsula,104,False
5075,Consumer,Macau Peninsula,76,False
5076,Consumer,Macau Peninsula,80,False
5077,Consumer,Macau Peninsula,58,True
5078,Consumer,Macau Peninsula,107,False
5079,Consumer,Macau Peninsula,75,True
5080,Consumer,Macau Peninsula,11,False
5081,Consumer,Taipa,66,False
5082,Consumer,Other,31,False
5083,Consumer,Macau Peninsula,108,False
5084,Consumer,Macau Peninsula,117,False
5085,Consumer,Macau Peninsula,57,False
5086,Business,Macau Peninsula,110,False
5087,Consumer,Coloane,85,True
5088,Business,Macau Peninsula,108,False
5089,Consumer,Macau Peninsula,108,True
5090,Consumer,Macau Peninsula,120,True
5091,Consumer,Macau Peninsula,6,False
5092,Consumer,Macau Peninsula,61,True
5093,Consumer,Taipa,24,False
5094,Consumer,Macau Peninsula,114,False
5095,Consumer,Taipa,42,False
5096,Consumer,Taipa,110,False
5097,Consumer,Macau Peninsula,9,False
5098,Consumer,Macau Peninsula,38,False
5099,Business,Taipa,28,False
5100,Business,Taipa,42,True
5101,Consumer,Macau Peninsula,98,False
5102,Consumer,Macau Peninsula,46,False
5103,Consumer,Taipa,20,True
5104,Consumer,Macau Peninsula,84,True
5105,Consumer,Taipa,17,False
5106,Consumer,Other,24,False
5107,Consumer,Taipa,109,False
5108,Consumer,Coloane,114,False
5109,Consumer,Taipa,80,False
5110,Consumer,Other,7,False
5111,Consumer,Macau Peninsula,115,False
5112,Consumer,Macau Peninsula,48,False
5113,Consumer,Taipa,72,False
5114,Consumer,Taipa,55,False
5115,Consumer,Coloane,58,False
5116,Consumer,Macau Peninsula,70,False
5117,Business,Macau Peninsula,92,True
5118,Business,Macau Peninsula,86,False
5119,Consumer,Macau Peninsula,79,False
5120,Consumer,Taipa,107,False
5121,Consumer,Taipa,55,False
5122,Consumer,Macau Peninsula,88,True
5123,Consumer,Taipa,72,False
5124,Consumer,Taipa,56,True
5125,Consumer,Macau Peninsula,56,True
5126,Consumer,Macau Peninsula,29,False
5127,Consumer,Macau Peninsula,45,True
5128,Business,Other,115,False
5129,Consumer,Macau Peninsula,44,False
5130,Consumer,Macau Peninsula,93,True
5131,Business,Taipa,41,False
5132,Consumer,Macau Peninsula,120,False
5133,Business,Macau Peninsula,64,False
5134,Business,Macau Peninsula,107,True
5135,Consumer,Macau Peninsula,21,True
5136,Consumer,Other,94,True
5137,Consumer,Macau Peninsula,108,False
5138,Consumer,Taipa,78,False
5139,Consumer,Macau Peninsula,43,False
5140,Consumer,Macau Peninsula,30,False
5141,Business,Coloane,40,False
5142,Business,Macau Peninsula,57,True
5143,Business,Macau Peninsula,20,True
5144,Consumer,Macau Peninsula,91,False
5145,Consumer,Macau Peninsula,37,False
5146,Consumer,Macau Peninsula,75,True
5147,Consumer,Coloane,89,True
5148,Consumer,Coloane,42,False
5149,Consumer,Coloane,6,True
5150,Business,Taipa,66,True
5151,Consumer,Macau Peninsula,12,False
5152,Business,Macau Peninsula,99,False
5153,Consumer,Macau Peninsula,47,False
5154,Consumer,Macau Peninsula,62,False
5155,Consumer,Taipa,26,False
5156,Consumer,Taipa,15,True
5157,Consumer,Macau Peninsula,61,False
5158,Consumer,Taipa,99,False
5159,Consumer,Taipa,21,True
5160,Consumer,Other,5,False
5161,Business,Taipa,61,False
5162,Business,Macau Peninsula,76,True
5163,Consumer,Macau Peninsula,25,False
5164,Consumer,Macau Peninsula,37,False
5165,Consumer,Taipa,89,False
5166,Business,Macau Peninsula,46,False
5167,Consumer,Other,89,False
5168,Consumer,Macau Peninsula,105,False
5169,Consumer,Macau Peninsula,65,False
5170,Consumer,Taipa,66,False
5171,Consumer,Macau Peninsula,120,False
5172,Consumer,Macau Peninsula,44,False
5173,Consumer,Coloane,4,False
5174,Consumer,Macau Peninsula,10,False
5175,Consumer,Macau Peninsula,117,False
5176,Consumer,Taipa,72,False
5177,Consumer,Taipa,49,False
5178,Consumer,Macau Peninsula,101,True
5179,Consumer,Coloane,75,False
5180,Consumer,Macau Peninsula,9,True
5181,Consumer,Macau Peninsula,79,True
5182,Consumer,Macau Peninsula,100,False
5183,Consumer,Other,13,False
5184,Consumer,Other,31,True
5185,Consumer,Coloane,14,False
5186,Consumer,Macau Peninsula,65,False
5187,Business,Other,64,False
5188,Consumer,Macau Peninsula,93,False
5189,Consumer,Macau Peninsula,9,False
5190,Consumer,Taipa,99,False
5191,Business,Taipa,6,False
5192,Consumer,Taipa,119,True
5193,Business,Taipa,112,False
5194,Business,Macau Peninsula,34,False
5195,Consumer,Macau Peninsula,119,True
5196,Consumer,Macau Peninsula,16,False
5197,Business,Other,21,False
5198,Consumer,Taipa,33,False
5199,Business,Macau Peninsula,10,False
5200,Consumer,Macau Peninsula,59,False
5201,Consumer,Other,35,False
5202,Consumer,Macau Peninsula,32,False
5203,Consumer,Macau Peninsula,99,False
5204,Consumer,Taipa,14,False
5205,Consumer,Taipa,109,False
5206,Consumer,Macau Peninsula,78,False
5207,Consumer,Taipa,63,False
5208,Consumer,Macau Peninsula,31,False
5209,Consumer,Other,4,False
5210,Business,Macau Peninsula,25,False
5211,Consumer,Macau Peninsula,32,False
5212,Business,Macau Peninsula,50,False
5213,Business,Macau Peninsula,90,True
5214,Business,Macau Peninsula,82,False
5215,Consumer,Other,87,False
5216,Consumer,Macau Peninsula,52,False
5217,Consumer,Macau Peninsula,26,False
5218,Consumer,Macau Peninsula,50,True
5219,Consumer,Macau Peninsula,56,True
5220,Consumer,Taipa,66,True
5221,Consumer,Macau Peninsula,81,False
5222,Consumer,Taipa,46,False
5223,Consumer,Macau Peninsula,32,False
5224,Consumer,Taipa,43,False
5225,Business,Macau Peninsula,67,False
5226,Consumer,Macau Peninsula,53,True
5227,Business,Other,77,False
5228,Business,Taipa,90,False
5229,Consumer,Coloane,63,False
5230,Business,Macau Peninsula,17,False
5231,Consumer,Other,1,True
5232,Business,Macau Peninsula,56,False
5233,Business,Other,106,False
5234,Consumer,Other,18,False
5235,Consumer,Taipa,84,False
5236,Business,Coloane,27,False
5237,Consumer,Macau Peninsula,104,False
5238,Consumer,Macau Peninsula,3,True
5239,Consumer,Macau Peninsula,66,False
5240,Consumer,Coloane,41,True
5241,Business,Coloane,67,True
5242,Consumer,Taipa,111,False
5243,Consumer,Coloane,113,False
5244,Consumer,Macau Peninsula,119,False
5245,Consumer,Taipa,74,True
5246,Consumer,Macau Peninsula,23,False
5247,Consumer,Taipa,87,False
5248,Consumer,Other,36,False
5249,Consumer,Other,47,False
5250,Consumer,Macau Peninsula,103,True
5251,Business,Macau Peninsula,49,False
5252,Consumer,Taipa,97,False
5253,Business,Taipa,60,False
5254,Consumer,Other,34,False
5255,Consumer,Other,108,True
5256,Business,Taipa,99,False
5257,Consumer,Macau Peninsula,11,True
5258,Business,Macau Peninsula,45,False
5259,Consumer,Taipa,31,False
5260,Business,Coloane,22,False
5261,Consumer,Other,79,True
5262,Business,Taipa,95,False
5263,Consumer,Macau Peninsula,105,False
5264,Consumer,Taipa,30,False
5265,Consumer,Macau Peninsula,61,False
5266,Consumer,Macau Peninsula,67,False
5267,Consumer,Macau Peninsula,84,False
5268,Business,Coloane,42,True
5269,Business,Taipa,26,False
5270,Consumer,Other,104,False
5271,Consumer,Taipa,32,True
5272,Business,Macau Peninsula,78,False
5273,Consumer,Macau Peninsula,37,False
5274,Consumer,Taipa,49,False
5275,Business,Macau Peninsula,70,False
5276,Business,Other,107,True
5277,Consumer,Taipa,41,False
5278,Consumer,Other,92,True
5279,Business,Macau Peninsula,5,True
5280,Consumer,Taipa,52,False
5281,Consumer,Macau Peninsula,114,False
5282,Business,Taipa,64,False
5283,Consumer,Taipa,113,True
5284,Consumer,Macau Peninsula,32,False
5285,Consumer,Macau Peninsula,23,False
5286,Consumer,Taipa,49,False
5287,Consumer,Macau Peninsula,73,False
5288,Consumer,Taipa,83,True
5289,Business,Macau Peninsula,8,False
5290,Consumer,Macau Peninsula,7,False
5291,Business,Macau Peninsula,117,False
5292,Consumer,Macau Peninsula,75,False
5293,Consumer,Taipa,33,False
5294,Consumer,Macau Peninsula,113,True
5295,Consumer,Macau Peninsula,63,False
5296,Consumer,Coloane,32,False
5297,Business,Taipa,48,True
5298,Consumer,Coloane,94,False
5299,Business,Coloane,77,False
5300,Consumer,Macau Peninsula,72,False
5301,Business,Macau Peninsula,73,True
5302,Consumer,Other,73,False
5303,Business,Taipa,114,False
5304,Consumer,Macau Peninsula,11,False
5305,Consumer,Macau Peninsula,7,False
5306,Consumer,Taipa,29,False
5307,Consumer,Other,26,True
5308,Consumer,Macau Peninsula,31,False
5309,Consumer,Macau Peninsula,81,False
5310,Consumer,Macau Peninsula,92,False
5311,Consumer,Taipa,90,False
5312,Consumer,Macau Peninsula,82,False
5313,Consumer,Macau Peninsula,62,False
5314,Business,Macau Peninsula,60,False
5315,Business,Macau Peninsula,61,True
5316,Business,Macau Peninsula,83,False
5317,Consumer,Taipa,64,False
5318,Consumer,Macau Peninsula,29,False
5319,Consumer,Taipa,20,False
5320,Consumer,Macau Peninsula,17,False
5321,Consumer,Taipa,58,True
5322,Consumer,Taipa,40,True
5323,Consumer,Macau Peninsula,40,False
5324,Consumer,Macau Peninsula,1,False
5325,Consumer,Taipa,104,False
5326,Consumer,Macau Peninsula,29,False
5327,Consumer,Macau Peninsula,112,False
5328,Consumer,Macau Peninsula,84,False
5329,Consumer,Taipa,50,True
5330,Consumer,Macau Peninsula,32,False
5331,Consumer,Macau Peninsula,34,False
5332,Consumer,Macau Peninsula,105,False
5333,Consumer,Macau Peninsula,70,False
5334,Consumer,Macau Peninsula,4,False
5335,Consumer,Macau Peninsula,23,False
5336,Business,Taipa,115,True
5337,Consumer,Macau Peninsula,2,False
5338,Consumer,Macau Peninsula,61,False
5339,Business,Macau Peninsula,101,False
5340,Consumer,Other,90,True
5341,Consumer,Macau Peninsula,77,True
5342,Consumer,Taipa,75,False
5343,Consumer,Coloane,37,True
5344,Consumer,Macau Peninsula,15,False
5345,Consumer,Taipa,101,False
5346,Consumer,Other,74,False
5347,Consumer,Macau Peninsula,52,False
5348,Consumer,Macau Peninsula,94,False
5349,Consumer,Macau Peninsula,114,False
5350,Consumer,Macau Peninsula,34,False
5351,Consumer,Macau Peninsula,68,True
5352,Consumer,Macau Peninsula,22,True
5353,Consumer,Taipa,96,False
5354,Consumer,Taipa,101,True
5355,Business,Macau Peninsula,55,False
5356,Consumer,Coloane,101,False
5357,Consumer,Macau Peninsula,26,False
5358,Consumer,Other,117,False
5359,Consumer,Macau Peninsula,32,False
5360,Consumer,Other,91,False
5361,Consumer,Macau Peninsula,40,False
5362,Consumer,Macau Peninsula,90,False
5363,Consumer,Taipa,56,False
5364,Consumer,Macau Peninsula,65,False
5365,Consumer,Macau Peninsula,44,True
5366,Consumer,Macau Peninsula,62,True
5367,Business,Macau Peninsula,88,False
5368,Consumer,Macau Peninsula,62,False
5369,Consumer,Macau Peninsula,1,True
5370,Business,Macau Peninsula,66,True
5371,Consumer,Taipa,109,True
5372,Consumer,Taipa,103,False
5373,Business,Macau Peninsula,100,True
5374,Consumer,Macau Peninsula,96,True
5375,Consumer,Macau Peninsula,80,True
5376,Consumer,Taipa,26,False
5377,Business,Taipa,79,False
5378,Consumer,Macau Peninsula,65,True
5379,Consumer,Other,30,False
5380,Consumer,Macau Peninsula,59,False
5381,Consumer,Other,3,False
5382,Business,Macau Peninsula,46,False
5383,Consumer,Taipa,111,False
5384,Consumer,Macau Peninsula,88,False
5385,Consumer,Taipa,26,False
5386,Consumer,Macau Peninsula,114,False
5387,Consumer,Taipa,1,False
5388,Consumer,Macau Peninsula,22,False
5389,Business,Macau Peninsula,35,False
5390,Business,Other,34,False
5391,Consumer,Macau Peninsula,77,True
5392,Consumer,Macau Peninsula,3,True
5393,Consumer,Macau Peninsula,59,False
5394,Consumer,Taipa,6,False
5395,Consumer,Macau Peninsula,20,False
5396,Consumer,Macau Peninsula,16,False
5397,Business,Macau Peninsula,28,False
5398,Business,Taipa,10,True
5399,Consumer,Macau Peninsula,19,False
5400,Consumer,Macau Peninsula,85,False
5401,Business,Macau Peninsula,114,False
5402,Consumer,Macau Peninsula,103,False
5403,Business,Macau Peninsula,19,False
5404,Consumer,Macau Peninsula,65,True
5405,Business,Other,18,True
5406,Consumer,Macau Peninsula,33,False
5407,Consumer,Taipa,66,False
5408,Consumer,Taipa,29,False
5409,Consumer,Macau Peninsula,93,False
5410,Consumer,Macau Peninsula,104,False
5411,Consumer,Taipa,60,False
5412,Consumer,Macau Peninsula,101,False
5413,Consumer,Macau Peninsula,32,False
5414,Consumer,Taipa,21,True
5415,Consumer,Macau Peninsula,83,False
5416,Consumer,Taipa,43,False
5417,Consumer,Macau Peninsula,103,True
5418,Consumer,Taipa,79,False
5419,Consumer,Macau Peninsula,118,False
5420,Business,Other,95,False
5421,Business,Macau Peninsula,108,False
5422,Consumer,Macau Peninsula,21,False
5423,Consumer,Other,104,False
5424,Consumer,Other,83,False
5425,Consumer,Taipa,92,True
5426,Consumer,Macau Peninsula,112,True
5427,Consumer,Taipa,15,False
5428,Consumer,Other,35,False
5429,Consumer,Coloane,85,False
5430,Consumer,Coloane,103,False
5431,Consumer,Coloane,90,False
5432,Consumer,Macau Peninsula,101,False
5433,Consumer,Macau Peninsula,51,False
5434,Business,Macau Peninsula,59,False
5435,Consumer,Macau Peninsula,6,False
5436,Business,Macau Peninsula,46,True
5437,Consumer,Macau Peninsula,33,False
5438,Business,Macau Peninsula,93,False
5439,Consumer,Macau Peninsula,42,True
5440,Consumer,Taipa,74,True
5441,Consumer,Taipa,86,False
5442,Consumer,Macau Peninsula,61,True
5443,Consumer,Macau Peninsula,107,False
5444,Consumer,Macau Peninsula,49,True
5445,Consumer,Macau Peninsula,1,False
5446,Business,Taipa,55,True
5447,Consumer,Other,78,False
5448,Consumer,Macau Peninsula,110,True
5449,Consumer,Macau Peninsula,52,False
5450,Consumer,Macau Peninsula,89,False
5451,Consumer,Macau Peninsula,118,False
5452,Consumer,Macau Peninsula,102,False
5453,Business,Coloane,26,False
5454,Business,Macau Peninsula,24,False
5455,Consumer,Other,46,True
5456,Consumer,Taipa,104,False
5457,Consumer,Other,105,False
5458,Consumer,Macau Peninsula,51,False
5459,Consumer,Taipa,76,False
5460,Consumer,Macau Peninsula,99,False
5461,Consumer,Taipa,105,False
5462,Consumer,Macau Peninsula,63,False
5463,Consumer,Taipa,91,False
5464,Consumer,Other,86,True
5465,Business,Taipa,15,False
5466,Business,Taipa,32,False
5467,Business,Macau Peninsula,82,False
5468,Consumer,Coloane,34,False
5469,Consumer,Taipa,36,False
5470,Business,Macau Peninsula,43,False
5471,Consumer,Macau Peninsula,86,False
5472,Consumer,Macau Peninsula,66,True
5473,Consumer,Macau Peninsula,12,False
5474,Consumer,Macau Peninsula,81,False
5475,Consumer,Coloane,118,False
5476,Consumer,Taipa,29,True
5477,Consumer,Taipa,16,False
5478,Consumer,Macau Peninsula,4,True
5479,Consumer,Macau Peninsula,108,False
5480,Consumer,Macau Peninsula,28,False
5481,Consumer,Macau Peninsula,99,False
5482,Consumer,Taipa,93,False
5483,Business,Macau Peninsula,8,False
5484,Consumer,Macau Peninsula,109,False
5485,Business,Macau Peninsula,99,True
5486,Consumer,Macau Peninsula,114,False
5487,Consumer,Macau Peninsula,22,False
5488,Consumer,Macau Peninsula,65,True
5489,Consumer,Coloane,88,False
5490,Consumer,Macau Peninsula,59,False
5491,Consumer,Macau Peninsula,58,True
5492,Business,Coloane,35,True
5493,Consumer,Taipa,27,False
5494,Consumer,Macau Peninsula,27,False
5495,Business,Macau Peninsula,84,False
5496,Consumer,Coloane,8,True
5497,Business,Macau Peninsula,36,False
5498,Consumer,Macau Peninsula,74,False
5499,Consumer,Macau Peninsula,35,True
5500,Consumer,Macau Peninsula,51,False
5501,Consumer,Macau Peninsula,14,True
5502,Consumer,Macau Peninsula,11,False
5503,Consumer,Macau Peninsula,87,False
5504,Consumer,Macau Peninsula,5,False
5505,Consumer,Macau Peninsula,49,True
5506,Business,Macau Peninsula,28,False
5507,Consumer,Macau Peninsula,70,False
5508,Consumer,Macau Peninsula,2,True
5509,Consumer,Macau Peninsula,106,False
5510,Consumer,Macau Peninsula,24,False
5511,Consumer,Macau Peninsula,14,False
5512,Consumer,Other,116,False
5513,Consumer,Taipa,37,True
5514,Consumer,Macau Peninsula,1,False
5515,Consumer,Taipa,58,False
5516,Consumer,Other,69,False
5517,Consumer,Macau Peninsula,61,False
5518,Consumer,Coloane,87,False
5519,Business,Other,111,False
5520,Consumer,Taipa,81,False
5521,Consumer,Taipa,109,True
5522,Consumer,Macau Peninsula,67,True
5523,Consumer,Macau Peninsula,81,False
5524,Consumer,Taipa,63,False
5525,Consumer,Macau Peninsula,102,False
5526,Business,Other,82,False
5527,Consumer,Taipa,112,False
5528,Consumer,Taipa,96,True
5529,Consumer,Macau Peninsula,83,False
5530,Consumer,Macau Peninsula,96,False
5531,Consumer,Taipa,101,False
5532,Consumer,Macau Peninsula,42,True
5533,Consumer,Other,68,True
5534,Consumer,Macau Peninsula,104,False
5535,Consumer,Macau Peninsula,57,False
5536,Consumer,Taipa,94,False
5537,Consumer,Macau Peninsula,93,False
5538,Consumer,Macau Peninsula,66,False
5539,Consumer,Coloane,11,False
5540,Consumer,Macau Peninsula,97,False
5541,Consumer,Taipa,113,True
5542,Business,Macau Peninsula,7,False
5543,Consumer,Macau Peninsula,41,False
5544,Consumer,Macau Peninsula,91,False
5545,Consumer,Macau Peninsula,79,False
5546,Business,Macau Peninsula,113,False
5547,Business,Macau Peninsula,107,False
5548,Consumer,Macau Peninsula,22,False
5549,Consumer,Macau Peninsula,57,False
5550,Consumer,Coloane,96,False
5551,Consumer,Macau Peninsula,15,True
5552,Consumer,Taipa,103,False
5553,Consumer,Macau Peninsula,87,True
5554,Business,Macau Peninsula,101,False
5555,Consumer,Taipa,27,True
5556,Consumer,Taipa,74,True
5557,Consumer,Macau Peninsula,8,False
5558,Business,Macau Peninsula,120,True
5559,Business,Macau Peninsula,55,False
5560,Consumer,Macau Peninsula,27,False
5561,Business,Taipa,13,False
5562,Consumer,Other,42,True
5563,Business,Macau Peninsula,57,False
5564,Consumer,Macau Peninsula,40,True
5565,Consumer,Taipa,41,True
5566,Consumer,Taipa,99,False
5567,Consumer,Other,14,False
5568,Consumer,Macau Peninsula,44,False
5569,Consumer,Coloane,38,False
5570,Consumer,Macau Peninsula,68,False
5571,Consumer,Macau Peninsula,22,True
5572,Consumer,Taipa,79,False
5573,Business,Macau Peninsula,110,False
5574,Consumer,Other,10,True
5575,Consumer,Taipa,59,False
5576,Business,Taipa,10,True
5577,Consumer,Macau Peninsula,114,False
5578,Consumer,Taipa,105,False
5579,Consumer,Macau Peninsula,81,False
5580,Business,Other,4,False
5581,Business,Macau Peninsula,49,True
5582,Consumer,Taipa,76,False
5583,Consumer,Taipa,107,False
5584,Business,Macau Peninsula,40,False
5585,Consumer,Macau Peninsula,95,False
5586,Consumer,Macau Peninsula,31,False
5587,Consumer,Taipa,20,False
5588,Consumer,Macau Peninsula,65,False
5589,Consumer,Taipa,64,False
5590,Consumer,Macau Peninsula,59,True
5591,Consumer,Coloane,56,False
5592,Consumer,Taipa,36,False
5593,Consumer,Macau Peninsula,49,True
5594,Consumer,Macau Peninsula,116,False
5595,Consumer,Macau Peninsula,58,False
5596,Consumer,Macau Peninsula,85,False
5597,Business,Taipa,50,False
5598,Consumer,Taipa,18,False
5599,Consumer,Coloane,116,True
5600,Consumer,Taipa,47,False
5601,Consumer,Taipa,62,True
5602,Consumer,Coloane,29,False
5603,Business,Macau Peninsula,79,True
5604,Business,Other,34,False
5605,Consumer,Other,105,False
5606,Consumer,Taipa,79,False
5607,Consumer,Macau Peninsula,49,False
5608,Consumer,Coloane,3,False
5609,Consumer,Coloane,50,True
5610,Consumer,Macau Peninsula,42,False
5611,Consumer,Macau Peninsula,74,False
5612,Consumer,Taipa,30,False
5613,Consumer,Macau Peninsula,47,False
5614,Consumer,Taipa,17,False
5615,Business,Taipa,109,False
5616,Consumer,Macau Peninsula,103,False
5617,Consumer,Taipa,53,False
5618,Consumer,Macau Peninsula,31,True
5619,Consumer,Macau Peninsula,10,False
5620,Business,Taipa,51,False
5621,Consumer,Taipa,23,False
5622,Consumer,Macau Peninsula,4,False
5623,Consumer,Macau Peninsula,26,False
5624,Consumer,Taipa,120,True
5625,Consumer,Macau Peninsula,59,False
5626,Consumer,Other,113,False
5627,Consumer,Macau Peninsula,109,False
5628,Consumer,Macau Peninsula,14,False
5629,Consumer,Taipa,53,False
5630,Consumer,Macau Peninsula,38,True
5631,Consumer,Taipa,45,True
5632,Consumer,Macau Peninsula,87,False
5633,Consumer,Macau Peninsula,19,False
5634,Consumer,Macau Peninsula,110,False
5635,Consumer,Taipa,103,False
5636,Consumer,Macau Peninsula,117,False
5637,Consumer,Macau Peninsula,21,True
5638,Consumer,Macau Peninsula,116,False
5639,Consumer,Taipa,63,True
5640,Business,Taipa,59,False
5641,Consumer,Macau Peninsula,51,False
5642,Consumer,Macau Peninsula,40,False
5643,Consumer,Macau Peninsula,70,False
5644,Consumer,Macau Peninsula,119,False
5645,Consumer,Taipa,17,False
5646,Consumer,Macau Peninsula,53,False
5647,Consumer,Taipa,100,False
5648,Consumer,Macau Peninsula,39,False
5649,Consumer,Macau Peninsula,5,False
5650,Consumer,Macau Peninsula,57,False
5651,Consumer,Other,94,False
5652,Consumer,Macau Peninsula,72,False
5653,Business,Macau Peninsula,9,False
5654,Consumer,Macau Peninsula,22,False
5655,Consumer,Taipa,29,False
5656,Consumer,Other,65,False
5657,Consumer,Macau Peninsula,104,False
5658,Consumer,Macau Peninsula,10,True
5659,Consumer,Macau Peninsula,3,False
5660,Consumer,Macau Peninsula,42,False
5661,Consumer,Taipa,31,False
5662,Consumer,Macau Peninsula,22,True
5663,Consumer,Other,96,True
5664,Consumer,Taipa,20,False
5665,Business,Macau Peninsula,99,False
5666,Business,Macau Peninsula,66,False
5667,Consumer,Macau Peninsula,77,False
5668,Consumer,Macau Peninsula,42,False
5669,Consumer,Macau Peninsula,95,False
5670,Consumer,Macau Peninsula,114,True
5671,Consumer,Macau Peninsula,91,False
5672,Business,Taipa,44,False
5673,Consumer,Macau Peninsula,95,True
5674,Consumer,Taipa,117,False
5675,Consumer,Macau Peninsula,64,True
5676,Consumer,Taipa,75,False
5677,Consumer,Macau Peninsula,35,False
5678,Consumer,Other,89,False
5679,Consumer,Taipa,3,False
5680,Consumer,Macau Peninsula,41,False
5681,Business,Macau Peninsula,108,False
5682,Business,Macau Peninsula,48,True
5683,Consumer,Macau Peninsula,33,False
5684,Consumer,Taipa,74,True
5685,Consumer,Macau Peninsula,42,False
5686,Consumer,Macau Peninsula,29,False
5687,Consumer,Macau Peninsula,11,True
5688,Business,Macau Peninsula,99,False
5689,Consumer,Other,78,False
5690,Consumer,Macau Peninsula,85,True
5691,Consumer,Macau Peninsula,37,True
5692,Consumer,Macau Peninsula,97,False
5693,Consumer,Macau Peninsula,97,False
5694,Consumer,Macau Peninsula,108,False
5695,Business,Macau Peninsula,18,False
5696,Consumer,Taipa,68,False
5697,Consumer,Macau Peninsula,1,False
5698,Consumer,Macau Peninsula,21,False
5699,Consumer,Macau Peninsula,64,False
5700,Consumer,Coloane,27,False
5701,Consumer,Macau Peninsula,5,False
5702,Consumer,Macau Peninsula,29,False
5703,Consumer,Macau Peninsula,33,False
5704,Consumer,Macau Peninsula,64,False
5705,Consumer,Macau Peninsula,105,False
5706,Business,Taipa,40,True
5707,Consumer,Taipa,9,False
5708,Consumer,Macau Peninsula,7,False
5709,Consumer,Taipa,29,False
5710,Consumer,Macau Peninsula,118,False
5711,Business,Other,19,False
5712,Consumer,Macau Peninsula,13,False
5713,Consumer,Macau Peninsula,22,False
5714,Business,Macau Peninsula,20,False
5715,Consumer,Macau Peninsula,68,False
5716,Consumer,Taipa,31,False
5717,Consumer,Other,35,True
5718,Business,Macau Peninsula,20,False
5719,Consumer,Taipa,12,False
5720,Consumer,Other,63,False
5721,Consumer,Macau Peninsula,66,False
5722,Business,Taipa,63,False
5723,Consumer,Taipa,44,True
5724,Consumer,Macau Peninsula,42,False
5725,Consumer,Macau Peninsula,72,False
5726,Consumer,Macau Peninsula,79,True
5727,Consumer,Taipa,60,True
5728,Consumer,Taipa,108,False
5729,Consumer,Coloane,112,False
5730,Consumer,Taipa,107,True
5731,Consumer,Macau Peninsula,42,False
5732,Business,Macau Peninsula,84,False
5733,Business,Macau Peninsula,114,False
5734,Consumer,Macau Peninsula,4,False
5735,Consumer,Coloane,58,True
5736,Consumer,Macau Peninsula,96,True
5737,Consumer,Macau Peninsula,2,False
5738,Consumer,Coloane,74,False
5739,Consumer,Taipa,92,False
5740,Consumer,Coloane,100,False
5741,Consumer,Macau Peninsula,109,True
5742,Consumer,Macau Peninsula,19,False
5743,Consumer,Macau Peninsula,103,False
5744,Consumer,Macau Peninsula,115,True
5745,Business,Macau Peninsula,25,False
5746,Consumer,Other,14,True
5747,Consumer,Macau Peninsula,43,False
5748,Consumer,Taipa,77,False
5749,Consumer,Macau Peninsula,84,False
5750,Consumer,Taipa,76,False
5751,Consumer,Other,105,True
5752,Business,Taipa,26,False
5753,Consumer,Taipa,29,True
5754,Consumer,Macau Peninsula,43,False
5755,Consumer,Taipa,42,False
5756,Consumer,Macau Peninsula,7,False
5757,Business,Macau Peninsula,85,False
5758,Consumer,Macau Peninsula,67,False
5759,Consumer,Macau Peninsula,32,False
5760,Consumer,Macau Peninsula,22,True
5761,Consumer,Macau Peninsula,108,False
5762,Consumer,Taipa,18,True
5763,Consumer,Taipa,119,False
5764,Consumer,Taipa,89,False
5765,Consumer,Taipa,32,True
5766,Consumer,Macau Peninsula,65,False
5767,Consumer,Macau Peninsula,34,False
5768,Consumer,Other,51,True
5769,Consumer,Taipa,50,True
5770,Consumer,Taipa,92,False
5771,Business,Macau Peninsula,18,False
5772,Consumer,Macau Peninsula,34,False
5773,Business,Coloane,83,True
5774,Consumer,Taipa,55,False
5775,Business,Coloane,96,True
5776,Consumer,Macau Peninsula,2,False
5777,Consumer,Taipa,63,True
5778,Consumer,Macau Peninsula,89,False
5779,Business,Taipa,114,True
5780,Consumer,Other,52,False
5781,Business,Macau Peninsula,101,False
5782,Business,Macau Peninsula,114,True
5783,Consumer,Taipa,3,False
5784,Consumer,Macau Peninsula,53,True
5785,Consumer,Macau Peninsula,86,True
5786,Consumer,Macau Peninsula,102,False
5787,Consumer,Macau Peninsula,28,False
5788,Consumer,Taipa,106,True
5789,Consumer,Macau Peninsula,89,False
5790,Consumer,Macau Peninsula,80,False
5791,Business,Macau Peninsula,59,False
5792,Consumer,Taipa,6,False
5793,Consumer,Macau Peninsula,45,False
5794,Consumer,Taipa,25,False
5795,Consumer,Macau Peninsula,3,False
5796,Consumer,Macau Peninsula,62,False
5797,Consumer,Macau Peninsula,8,False
5798,Business,Macau Peninsula,42,False
5799,Consumer,Other,102,False
5800,Consumer,Taipa,108,False
5801,Consumer,Macau Peninsula,70,False
5802,Consumer,Coloane,8,False
5803,Consumer,Taipa,31,True
5804,Consumer,Macau Peninsula,101,False
5805,Consumer,Other,8,True
5806,Consumer,Taipa,90,False
5807,Consumer,Taipa,62,False
5808,Consumer,Taipa,45,False
5809,Consumer,Taipa,59,False
5810,Consumer,Macau Peninsula,30,False
5811,Business,Taipa,32,False
5812,Business,Other,27,False
5813,Business,Other,111,False
5814,Consumer,Macau Peninsula,73,True
5815,Business,Macau Peninsula,56,False
5816,Consumer,Macau Peninsula,100,True
5817,Business,Taipa,97,True
5818,Business,Taipa,61,False
5819,Consumer,Macau Peninsula,67,False
5820,Consumer,Macau Peninsula,82,False
5821,Consumer,Taipa,71,True
5822,Business,Taipa,100,False
5823,Consumer,Taipa,10,False
5824,Business,Macau Peninsula,92,False
5825,Consumer,Macau Peninsula,103,True
5826,Consumer,Macau Peninsula,68,False
5827,Consumer,Taipa,22,False
5828,Consumer,Taipa,26,False
5829,Consumer,Taipa,99,True
5830,Consumer,Taipa,71,False
5831,Consumer,Macau Peninsula,63,False
5832,Consumer,Taipa,32,False
5833,Business,Macau Peninsula,110,False
5834,Consumer,Macau Peninsula,26,False
5835,Consumer,Macau Peninsula,71,False
5836,Consumer,Macau Peninsula,63,False
5837,Consumer,Taipa,89,False
5838,Consumer,Macau Peninsula,37,False
5839,Consumer,Taipa,115,False
5840,Consumer,Taipa,27,False
5841,Consumer,Macau Peninsula,83,False
5842,Consumer,Macau Peninsula,66,False
5843,Consumer,Macau Peninsula,71,True
5844,Consumer,Other,11,False
5845,Consumer,Macau Peninsula,43,True
5846,Business,Taipa,80,False
5847,Business,Macau Peninsula,105,False
5848,Consumer,Macau Peninsula,6,False
5849,Consumer,Macau Peninsula,79,False
5850,Consumer,Macau Peninsula,99,False
5851,Business,Macau Peninsula,88,True
5852,Consumer,Macau Peninsula,81,True
5853,Consumer,Macau Peninsula,87,False
5854,Consumer,Macau Peninsula,68,True
5855,Consumer,Macau Peninsula,103,False
5856,Consumer,Other,65,True
5857,Business,Macau Peninsula,80,False
5858,Consumer,Taipa,85,False
5859,Consumer,Other,85,False
5860,Business,Macau Peninsula,83,False
5861,Consumer,Coloane,41,False
5862,Business,Macau Peninsula,55,False
5863,Consumer,Taipa,60,False
5864,Consumer,Macau Peninsula,62,False
5865,Business,Macau Peninsula,46,False
5866,Consumer,Taipa,118,False
5867,Consumer,Other,93,False
5868,Business,Taipa,58,False
5869,Consumer,Taipa,80,False
5870,Consumer,Macau Peninsula,28,False
5871,Consumer,Macau Peninsula,52,False
5872,Consumer,Coloane,85,False
5873,Business,Macau Peninsula,63,False
5874,Consumer,Macau Peninsula,66,True
5875,Consumer,Macau Peninsula,20,False
5876,Consumer,Macau Peninsula,6,False
5877,Consumer,Taipa,98,False
5878,Consumer,Macau Peninsula,112,True
5879,Consumer,Other,67,False
5880,Consumer,Macau Peninsula,26,False
5881,Consumer,Macau Peninsula,115,True
5882,Consumer,Taipa,107,False
5883,Consumer,Taipa,35,False
5884,Consumer,Macau Peninsula,60,True
5885,Consumer,Macau Peninsula,91,False
5886,Consumer,Taipa,64,False
5887,Consumer,Coloane,3,False
5888,Business,Other,73,False
5889,Business,Macau Peninsula,5,True
5890,Consumer,Taipa,2,False
5891,Business,Coloane,82,False
5892,Consumer,Other,17,False
5893,Consumer,Macau Peninsula,79,False
5894,Consumer,Taipa,111,False
5895,Consumer,Macau Peninsula,58,False
5896,Consumer,Macau Peninsula,22,False
5897,Business,Macau Peninsula,103,False
5898,Consumer,Taipa,88,False
5899,Consumer,Taipa,4,False
5900,Consumer,Macau Peninsula,17,False
5901,Consumer,Macau Peninsula,117,False
5902,Business,Macau Peninsula,116,False
5903,Consumer,Macau Peninsula,43,False
5904,Consumer,Macau Peninsula,113,True
5905,Consumer,Coloane,7,False
5906,Consumer,Macau Peninsula,32,True
5907,Business,Taipa,115,False
5908,Business,Taipa,69,False
5909,Consumer,Taipa,105,False
5910,Consumer,Macau Peninsula,18,False
5911,Consumer,Macau Peninsula,43,False
5912,Consumer,Macau Peninsula,95,False
5913,Business,Other,92,False
5914,Consumer,Taipa,119,False
5915,Consumer,Taipa,8,False
5916,Consumer,Taipa,101,False
5917,Consumer,Taipa,35,False
5918,Consumer,Macau Peninsula,118,True
5919,Business,Macau Peninsula,5,True
5920,Business,Macau Peninsula,111,True
5921,Consumer,Macau Peninsula,51,False
5922,Consumer,Taipa,7,False
5923,Consumer,Taipa,47,False
5924,Consumer,Other,109,False
5925,Consumer,Taipa,117,False
5926,Consumer,Macau Peninsula,78,False
5927,Business,Other,68,False
5928,Business,Macau Peninsula,95,True
5929,Consumer,Taipa,29,False
5930,Consumer,Other,6,False
5931,Consumer,Taipa,28,False
5932,Consumer,Taipa,3,False
5933,Consumer,Macau Peninsula,37,True
5934,Business,Macau Peninsula,62,False
5935,Business,Macau Peninsula,115,True
5936,Consumer,Taipa,45,False
5937,Business,Macau Peninsula,67,False
5938,Consumer,Macau Peninsula,65,False
5939,Consumer,Macau Peninsula,107,False
5940,Consumer,Taipa,88,False
5941,Business,Macau Peninsula,53,False
5942,Consumer,Macau Peninsula,36,False
5943,Consumer,Taipa,57,False
5944,Consumer,Macau Peninsula,30,False
5945,Business,Macau Peninsula,31,False
5946,Consumer,Taipa,114,False
5947,Consumer,Taipa,81,False
5948,Consumer,Macau Peninsula,25,False
5949,Consumer,Macau Peninsula,11,False
5950,Business,Other,63,False
5951,Consumer,Macau Peninsula,20,False
5952,Consumer,Coloane,105,True
5953,Consumer,Macau Peninsula,51,True
5954,Consumer,Macau Peninsula,31,True
5955,Consumer,Macau Peninsula,100,False
5956,Business,Macau Peninsula,13,False
5957,Consumer,Taipa,1,False
5958,Consumer,Taipa,39,True
5959,Consumer,Other,28,False
5960,Consumer,Other,107,False
5961,Consumer,Macau Peninsula,44,False
5962,Consumer,Coloane,94,False
5963,Consumer,Other,30,False
5964,Consumer,Macau Peninsula,90,False
5965,Consumer,Macau Peninsula,55,False
5966,Consumer,Taipa,26,True
5967,Consumer,Taipa,84,False
5968,Consumer,Macau Peninsula,79,False
5969,Consumer,Macau Peninsula,61,False
5970,Consumer,Macau Peninsula,27,True
5971,Consumer,Taipa,31,False
5972,Consumer,Macau Peninsula,47,False
5973,Consumer,Taipa,10,False
5974,Consumer,Coloane,93,False
5975,Consumer,Macau Peninsula,71,True
5976,Consumer,Taipa,48,False
5977,Consumer,Macau Peninsula,60,False
5978,Consumer,Macau Peninsula,68,False
5979,Consumer,Taipa,96,False
5980,Consumer,Macau Peninsula,11,False
5981,Consumer,Macau Peninsula,78,True
5982,Consumer,Macau Peninsula,71,False
5983,Consumer,Macau Peninsula,106,False
5984,Consumer,Macau Peninsula,102,False
5985,Consumer,Macau Peninsula,9,False
5986,Consumer,Macau Peninsula,112,False
5987,Consumer,Taipa,40,False
5988,Consumer,Macau Peninsula,86,True
5989,Consumer,Other,90,False
5990,Consumer,Macau Peninsula,73,False
5991,Consumer,Macau Peninsula,85,False
5992,Consumer,Coloane,55,False
5993,Business,Taipa,82,False
5994,Consumer,Taipa,51,False
5995,Consumer,Macau Peninsula,98,False
5996,Consumer,Macau Peninsula,17,True
5997,Consumer,Coloane,93,False
5998,Consumer,Macau Peninsula,73,False
5999,Consumer,Macau Peninsula,37,False
6000,Consumer,Taipa,45,False
6001,Consumer,Macau Peninsula,110,True
6002,Consumer,Macau Peninsula,70,False
6003,Consumer,Macau Peninsula,68,False
6004,Consumer,Macau Peninsula,58,True
6005,Consumer,Macau Peninsula,45,False
6006,Consumer,Macau Peninsula,65,False
6007,Consumer,Taipa,37,False
6008,Consumer,Macau Peninsula,28,False
6009,Consumer,Macau Peninsula,77,False
6010,Consumer,Taipa,68,False
6011,Consumer,Macau Peninsula,13,False
6012,Business,Macau Peninsula,113,False
6013,Consumer,Macau Peninsula,66,False
6014,Consumer,Taipa,74,False
6015,Consumer,Macau Peninsula,32,False
6016,Consumer,Coloane,49,False
6017,Consumer,Taipa,39,False
6018,Consumer,Other,55,False
6019,Consumer,Macau Peninsula,102,False
6020,Consumer,Taipa,27,True
6021,Consumer,Macau Peninsula,66,False
6022,Business,Macau Peninsula,103,False
6023,Consumer,Macau Peninsula,95,False
6024,Business,Macau Peninsula,86,False
6025,Business,Taipa,86,False
6026,Consumer,Taipa,16,True
6027,Business,Macau Peninsula,69,False
6028,Consumer,Macau Peninsula,47,False
6029,Business,Macau Peninsula,25,False
6030,Consumer,Taipa,72,False
6031,Business,Taipa,81,True
6032,Business,Macau Peninsula,60,False
6033,Consumer,Taipa,116,False
6034,Consumer,Macau Peninsula,63,True
6035,Consumer,Macau Peninsula,45,False
6036,Consumer,Coloane,63,True
6037,Consumer,Macau Peninsula,88,False
6038,Consumer,Macau Peninsula,36,False
6039,Consumer,Macau Peninsula,1,False
6040,Consumer,Macau Peninsula,53,False
6041,Consumer,Other,5,False
6042,Consumer,Macau Peninsula,40,True
6043,Consumer,Macau Peninsula,13,False
6044,Consumer,Coloane,12,False
6045,Consumer,Coloane,60,False
6046,Consumer,Coloane,45,False
6047,Consumer,Macau Peninsula,92,False
6048,Consumer,Macau Peninsula,101,False
6049,Business,Other,91,True
6050,Consumer,Macau Peninsula,48,False
6051,Consumer,Macau Peninsula,10,False
6052,Consumer,Macau Peninsula,17,False
6053,Consumer,Macau Peninsula,104,True
6054,Business,Macau Peninsula,61,True
6055,Business,Taipa,8,True
6056,Consumer,Macau Peninsula,2,False
6057,Consumer,Coloane,37,False
6058,Consumer,Taipa,44,False
6059,Consumer,Macau Peninsula,100,False
6060,Consumer,Macau Peninsula,38,False
6061,Business,Other,55,False
6062,Consumer,Macau Peninsula,52,True
6063,Consumer,Macau Peninsula,97,True
6064,Consumer,Coloane,87,False
6065,Consumer,Taipa,52,True
6066,Consumer,Coloane,83,True
6067,Business,Macau Peninsula,93,False
6068,Consumer,Macau Peninsula,61,False
6069,Consumer,Macau Peninsula,7,False
6070,Business,Macau Peninsula,115,False
6071,Business,Taipa,28,False
6072,Consumer,Macau Peninsula,50,False
6073,Consumer,Macau Peninsula,94,False
6074,Consumer,Macau Peninsula,45,False
6075,Consumer,Taipa,7,True
6076,Consumer,Macau Peninsula,12,False
6077,Consumer,Macau Peninsula,1,True
6078,Consumer,Other,54,False
6079,Business,Taipa,113,False
6080,Consumer,Macau Peninsula,115,False
6081,Consumer,Macau Peninsula,85,True
6082,Consumer,Macau Peninsula,13,False
6083,Business,Macau Peninsula,6,True
6084,Consumer,Macau Peninsula,103,False
6085,Consumer,Macau Peninsula,10,False
6086,Consumer,Taipa,12,False
6087,Consumer,Taipa,42,False
6088,Consumer,Taipa,62,False
6089,Business,Taipa,1,False
6090,Consumer,Macau Peninsula,73,False
6091,Consumer,Macau Peninsula,39,False
6092,Business,Macau Peninsula,62,False
6093,Consumer,Macau Peninsula,50,False
6094,Consumer,Macau Peninsula,37,True
6095,Consumer,Macau Peninsula,21,False
6096,Consumer,Macau Peninsula,13,False
6097,Consumer,Taipa,50,True
6098,Consumer,Taipa,9,False
6099,Consumer,Macau Peninsula,8,True
6100,Consumer,Taipa,63,False
6101,Business,Taipa,27,False
6102,Consumer,Taipa,70,False
6103,Consumer,Taipa,91,True
6104,Consumer,Macau Peninsula,92,False
6105,Consumer,Macau Peninsula,37,False
6106,Business,Coloane,112,False
6107,Consumer,Taipa,82,False
6108,Consumer,Coloane,58,False
6109,Consumer,Macau Peninsula,80,False
6110,Consumer,Macau Peninsula,55,False
6111,Consumer,Taipa,2,False
6112,Consumer,Taipa,6,False
6113,Consumer,Taipa,16,False
6114,Consumer,Taipa,92,False
6115,Consumer,Other,109,True
6116,Consumer,Macau Peninsula,17,False
6117,Consumer,Taipa,35,False
6118,Business,Coloane,8,False
6119,Business,Taipa,57,False
6120,Consumer,Taipa,116,False
6121,Consumer,Macau Peninsula,96,False
6122,Business,Macau Peninsula,49,False
6123,Consumer,Taipa,47,True
6124,Consumer,Taipa,85,False
6125,Consumer,Macau Peninsula,94,False
6126,Consumer,Macau Peninsula,46,False
6127,Consumer,Macau Peninsula,70,False
6128,Consumer,Taipa,28,False
6129,Consumer,Taipa,86,True
6130,Business,Macau Peninsula,101,False
6131,Consumer,Other,3,False
6132,Consumer,Macau Peninsula,114,False
6133,Consumer,Taipa,23,True
6134,Consumer,Macau Peninsula,18,True
6135,Consumer,Macau Peninsula,95,False
6136,Business,Macau Peninsula,15,True
6137,Consumer,Macau Peninsula,80,False
6138,Business,Macau Peninsula,114,False
6139,Consumer,Macau Peninsula,102,False
6140,Consumer,Macau Peninsula,103,False
6141,Consumer,Macau Peninsula,21,False
6142,Consumer,Macau Peninsula,12,True
6143,Consumer,Taipa,102,False
6144,Consumer,Taipa,113,False
6145,Business,Macau Peninsula,44,False
6146,Business,Taipa,52,False
6147,Business,Taipa,102,False
6148,Consumer,Taipa,83,False
6149,Consumer,Macau Peninsula,96,True
6150,Consumer,Taipa,18,False
6151,Consumer,Coloane,10,True
6152,Consumer,Taipa,25,False
6153,Consumer,Other,83,True
6154,Consumer,Taipa,101,False
6155,Consumer,Macau Peninsula,61,False
6156,Consumer,Coloane,50,True
6157,Consumer,Macau Peninsula,117,False
6158,Consumer,Taipa,11,False
6159,Consumer,Macau Peninsula,69,False
6160,Consumer,Macau Peninsula,33,False
6161,Business,Coloane,67,False
6162,Consumer,Macau Peninsula,35,False
6163,Consumer,Taipa,118,True
6164,Business,Macau Peninsula,110,True
6165,Consumer,Macau Peninsula,70,False
6166,Consumer,Macau Peninsula,2,False
6167,Consumer,Macau Peninsula,105,True
6168,Consumer,Coloane,96,False
6169,Consumer,Taipa,91,False
6170,Consumer,Coloane,6,False
6171,Consumer,Taipa,48,False
6172,Consumer,Taipa,82,True
6173,Consumer,Macau Peninsula,102,False
6174,Consumer,Other,95,True
6175,Consumer,Taipa,70,False
6176,Business,Macau Peninsula,56,False
6177,Consumer,Macau Peninsula,71,False
6178,Consumer,Macau Peninsula,36,False
6179,Consumer,Macau Peninsula,13,False
6180,Consumer,Taipa,30,False
6181,Consumer,Macau Peninsula,6,False
6182,Consumer,Macau Peninsula,107,False
6183,Consumer,Macau Peninsula,80,False
6184,Consumer,Macau Peninsula,91,False
6185,Consumer,Taipa,32,False
6186,Consumer,Macau Peninsula,14,False
6187,Consumer,Taipa,68,False
6188,Consumer,Macau Peninsula,77,False
6189,Consumer,Macau Peninsula,75,False
6190,Consumer,Macau Peninsula,29,True
6191,Consumer,Taipa,89,True
6192,Consumer,Other,55,False
6193,Consumer,Macau Peninsula,83,True
6194,Consumer,Taipa,13,False
6195,Consumer,Taipa,64,False
6196,Consumer,Coloane,80,True
6197,Consumer,Macau Peninsula,46,False
6198,Consumer,Coloane,1,False
6199,Consumer,Macau Peninsula,8,True
6200,Consumer,Macau Peninsula,32,False
6201,Consumer,Macau Peninsula,13,False
6202,Consumer,Coloane,41,True
6203,Consumer,Other,2,False
6204,Consumer,Taipa,66,False
6205,Consumer,Taipa,117,False
6206,Consumer,Taipa,45,False
6207,Consumer,Macau Peninsula,47,False
6208,Consumer,Taipa,63,False
6209,Consumer,Other,51,False
6210,Consumer,Macau Peninsula,47,False
6211,Business,Coloane,34,False
6212,Consumer,Taipa,37,False
6213,Business,Taipa,118,True
6214,Business,Macau Peninsula,104,True
6215,Consumer,Taipa,87,True
6216,Consumer,Macau Peninsula,35,True
6217,Consumer,Macau Peninsula,28,False
6218,Consumer,Macau Peninsula,33,False
6219,Consumer,Macau Peninsula,40,False
6220,Consumer,Taipa,29,False
6221,Consumer,Taipa,47,False
6222,Consumer,Taipa,21,False
6223,Business,Taipa,68,False
6224,Consumer,Taipa,43,False
6225,Consumer,Macau Peninsula,67,False
6226,Consumer,Taipa,79,False
6227,Consumer,Taipa,118,False
6228,Consumer,Macau Peninsula,20,False
6229,Consumer,Other,101,True
6230,Consumer,Taipa,16,True
6231,Consumer,Macau Peninsula,56,False
6232,Business,Taipa,87,True
6233,Consumer,Taipa,102,False
6234,Consumer,Macau Peninsula,32,False
6235,Consumer,Taipa,1,False
6236,Consumer,Other,119,False
6237,Consumer,Taipa,84,False
6238,Consumer,Macau Peninsula,2,False
6239,Consumer,Macau Peninsula,23,False
6240,Consumer,Macau Peninsula,59,False
6241,Business,Macau Peninsula,117,True
6242,Consumer,Taipa,25,False
6243,Consumer,Macau Peninsula,102,False
6244,Consumer,Taipa,39,False
6245,Consumer,Taipa,9,False
6246,Consumer,Taipa,58,False
6247,Consumer,Macau Peninsula,16,False
6248,Consumer,Macau Peninsula,56,True
6249,Consumer,Macau Peninsula,120,False
6250,Consumer,Macau Peninsula,36,False
6251,Consumer,Macau Peninsula,60,False
6252,Consumer,Other,66,True
6253,Consumer,Other,64,False
6254,Consumer,Taipa,83,False
6255,Business,Macau Peninsula,56,False
6256,Consumer,Macau Peninsula,95,False
6257,Consumer,Macau Peninsula,116,True
6258,Consumer,Macau Peninsula,47,True
6259,Consumer,Macau Peninsula,69,False
6260,Business,Taipa,85,False
6261,Consumer,Coloane,95,True
6262,Consumer,Macau Peninsula,52,False
6263,Consumer,Macau Peninsula,9,False
6264,Business,Taipa,119,False
6265,Consumer,Other,38,False
6266,Consumer,Macau Peninsula,15,False
6267,Consumer,Taipa,7,False
6268,Consumer,Macau Peninsula,75,False
6269,Consumer,Taipa,70,False
6270,Business,Macau Peninsula,13,False
6271,Consumer,Coloane,19,False
6272,Consumer,Taipa,56,True
6273,Business,Macau Peninsula,53,False
6274,Consumer,Coloane,49,False
6275,Consumer,Coloane,63,False
6276,Consumer,Other,55,True
6277,Consumer,Other,11,True
6278,Consumer,Macau Peninsula,22,False
6279,Consumer,Other,76,False
6280,Consumer,Macau Peninsula,108,False
6281,Business,Macau Peninsula,78,False
6282,Consumer,Macau Peninsula,72,False
6283,Consumer,Macau Peninsula,78,False
6284,Consumer,Macau Peninsula,57,False
6285,Consumer,Taipa,76,False
6286,Business,Macau Peninsula,116,False
6287,Consumer,Macau Peninsula,102,False
6288,Business,Macau Peninsula,68,False
6289,Consumer,Macau Peninsula,119,False
6290,Consumer,Macau Peninsula,31,False
6291,Consumer,Macau Peninsula,67,False
6292,Business,Other,107,False
6293,Consumer,Taipa,118,False
6294,Business,Taipa,33,False
6295,Consumer,Taipa,91,False
6296,Consumer,Macau Peninsula,94,False
6297,Consumer,Coloane,78,False
6298,Consumer,Macau Peninsula,109,False
6299,Consumer,Taipa,87,True
6300,Consumer,Macau Peninsula,18,False
6301,Consumer,Macau Peninsula,111,False
6302,Consumer,Coloane,64,False
6303,Consumer,Taipa,79,False
6304,Consumer,Taipa,54,False
6305,Consumer,Macau Peninsula,111,True
6306,Consumer,Macau Peninsula,41,True
6307,Consumer,Macau Peninsula,8,False
6308,Consumer,Macau Peninsula,113,False
6309,Consumer,Macau Peninsula,112,False
6310,Consumer,Taipa,83,False
6311,Consumer,Macau Peninsula,60,False
6312,Consumer,Macau Peninsula,54,False
6313,Consumer,Macau Peninsula,9,True
6314,Consumer,Taipa,44,False
6315,Consumer,Taipa,7,False
6316,Consumer,Taipa,109,False
6317,Business,Macau Peninsula,78,True
6318,Consumer,Macau Peninsula,88,False
6319,Consumer,Macau Peninsula,50,False
6320,Consumer,Macau Peninsula,50,False
6321,Consumer,Macau Peninsula,3,False
6322,Consumer,Macau Peninsula,44,True
6323,Consumer,Taipa,100,True
6324,Consumer,Macau Peninsula,1,False
6325,Business,Macau Peninsula,17,True
6326,Consumer,Macau Peninsula,64,False
6327,Business,Taipa,91,False
6328,Consumer,Macau Peninsula,5,False
6329,Consumer,Macau Peninsula,23,False
6330,Consumer,Macau Peninsula,24,False
6331,Consumer,Macau Peninsula,35,False
6332,Consumer,Taipa,4,False
6333,Consumer,Taipa,105,False
6334,Consumer,Taipa,117,False
6335,Consumer,Taipa,71,False
6336,Consumer,Taipa,9,False
6337,Consumer,Macau Peninsula,71,False
6338,Consumer,Taipa,118,False
6339,Consumer,Macau Peninsula,72,False
6340,Consumer,Other,29,False
6341,Consumer,Coloane,112,False
6342,Consumer,Macau Peninsula,120,True
6343,Consumer,Taipa,79,False
6344,Consumer,Macau Peninsula,6,True
6345,Business,Macau Peninsula,98,False
6346,Consumer,Macau Peninsula,59,False
6347,Consumer,Taipa,80,False
6348,Consumer,Taipa,101,False
6349,Consumer,Macau Peninsula,28,True
6350,Consumer,Macau Peninsula,106,False
6351,Consumer,Taipa,37,False
6352,Business,Macau Peninsula,35,False
6353,Business,Other,55,True
6354,Consumer,Macau Peninsula,64,False
6355,Consumer,Taipa,17,True
6356,Consumer,Taipa,103,False
6357,Consumer,Macau Peninsula,46,True
6358,Consumer,Taipa,1,True
6359,Business,Taipa,50,True
6360,Consumer,Macau Peninsula,39,False
6361,Consumer,Macau Peninsula,79,False
6362,Consumer,Taipa,40,False
6363,Consumer,Macau Peninsula,72,False
6364,Consumer,Taipa,29,False
6365,Business,Macau Peninsula,41,False
6366,Consumer,Taipa,71,False
6367,Consumer,Macau Peninsula,60,False
6368,Consumer,Taipa,51,True
6369,Business,Macau Peninsula,80,False
6370,Business,Macau Peninsula,114,False
6371,Consumer,Macau Peninsula,119,False
6372,Consumer,Taipa,103,True
6373,Consumer,Macau Peninsula,100,False
6374,Consumer,Taipa,50,False
6375,Business,Other,98,False
6376,Consumer,Other,100,False
6377,Consumer,Macau Peninsula,34,False
6378,Business,Macau Peninsula,75,False
6379,Consumer,Other,113,True
6380,Consumer,Taipa,29,False
6381,Consumer,Coloane,38,False
6382,Consumer,Coloane,98,False
6383,Consumer,Macau Peninsula,109,True
6384,Consumer,Coloane,18,False
6385,Consumer,Taipa,79,True
6386,Consumer,Macau Peninsula,52,False
6387,Consumer,Macau Peninsula,23,False
6388,Consumer,Taipa,24,False
6389,Consumer,Taipa,119,False
6390,Consumer,Taipa,83,False
6391,Consumer,Macau Peninsula,24,False
6392,Consumer,Other,48,False
6393,Consumer,Macau Peninsula,102,False
6394,Consumer,Taipa,41,True
6395,Consumer,Macau Peninsula,59,False
6396,Consumer,Macau Peninsula,44,False
6397,Consumer,Macau Peninsula,3,False
6398,Consumer,Macau Peninsula,105,False
6399,Business,Taipa,6,False
6400,Consumer,Macau Peninsula,31,False
6401,Consumer,Macau Peninsula,92,True
6402,Consumer,Other,120,True
6403,Consumer,Macau Peninsula,114,False
6404,Consumer,Other,38,False
6405,Consumer,Taipa,105,False
6406,Business,Macau Peninsula,115,False
6407,Consumer,Taipa,33,False
6408,Consumer,Macau Peninsula,115,False
6409,Consumer,Macau Peninsula,20,False
6410,Consumer,Taipa,77,True
6411,Business,Other,112,False
6412,Consumer,Macau Peninsula,112,False
6413,Business,Other,50,True
6414,Consumer,Other,46,False
6415,Consumer,Macau Peninsula,67,False
6416,Consumer,Macau Peninsula,70,False
6417,Consumer,Coloane,86,False
6418,Business,Macau Peninsula,66,False
6419,Consumer,Macau Peninsula,55,True
6420,Business,Macau Peninsula,17,False
6421,Consumer,Taipa,4,False
6422,Business,Macau Peninsula,4,False
6423,Consumer,Macau Peninsula,69,False
6424,Consumer,Macau Peninsula,25,False
6425,Consumer,Coloane,12,False
6426,Consumer,Macau Peninsula,81,False
6427,Consumer,Taipa,61,False
6428,Consumer,Macau Peninsula,68,True
6429,Consumer,Coloane,89,False
6430,Consumer,Other,40,True
6431,Consumer,Macau Peninsula,9,False
6432,Consumer,Macau Peninsula,91,True
6433,Consumer,Taipa,101,False
6434,Consumer,Macau Peninsula,18,False
6435,Consumer,Macau Peninsula,68,False
6436,Consumer,Taipa,52,False
6437,Business,Macau Peninsula,65,False
6438,Consumer,Taipa,77,False
6439,Consumer,Taipa,28,True
6440,Business,Macau Peninsula,5,False
6441,Consumer,Taipa,119,False
6442,Business,Taipa,35,False
6443,Consumer,Macau Peninsula,104,False
6444,Consumer,Macau Peninsula,61,False
6445,Business,Macau Peninsula,86,False
6446,Consumer,Macau Peninsula,4,False
6447,Consumer,Macau Peninsula,36,False
6448,Business,Macau Peninsula,10,False
6449,Consumer,Macau Peninsula,120,False
6450,Consumer,Macau Peninsula,87,False
6451,Consumer,Coloane,112,False
6452,Consumer,Taipa,72,False
6453,Consumer,Macau Peninsula,107,False
6454,Consumer,Macau Peninsula,56,False
6455,Business,Taipa,95,False
6456,Consumer,Macau Peninsula,91,False
6457,Consumer,Macau Peninsula,43,False
6458,Consumer,Coloane,79,False
6459,Consumer,Macau Peninsula,99,False
6460,Consumer,Taipa,113,False
6461,Consumer,Taipa,12,False
6462,Consumer,Coloane,73,True
6463,Consumer,Macau Peninsula,102,True
6464,Consumer,Macau Peninsula,17,False
6465,Consumer,Macau Peninsula,70,False
6466,Consumer,Macau Peninsula,43,True
6467,Consumer,Macau Peninsula,40,False
6468,Business,Macau Peninsula,85,True
6469,Consumer,Macau Peninsula,42,True
6470,Consumer,Taipa,31,False
6471,Consumer,Macau Peninsula,102,False
6472,Consumer,Coloane,51,False
6473,Consumer,Other,17,False
6474,Consumer,Macau Peninsula,91,False
6475,Consumer,Macau Peninsula,68,False
6476,Consumer,Macau Peninsula,28,False
6477,Consumer,Taipa,84,False
6478,Consumer,Macau Peninsula,69,True
6479,Business,Macau Peninsula,86,False
6480,Consumer,Macau Peninsula,103,False
6481,Consumer,Taipa,104,False
6482,Consumer,Taipa,26,False
6483,Consumer,Other,86,False
6484,Consumer,Macau Peninsula,43,False
6485,Consumer,Other,60,False
6486,Consumer,Taipa,80,True
6487,Business,Other,15,False
6488,Consumer,Other,22,False
6489,Consumer,Taipa,34,True
6490,Business,Macau Peninsula,71,True
6491,Consumer,Coloane,100,False
6492,Consumer,Taipa,108,False
6493,Consumer,Other,96,False
6494,Consumer,Taipa,100,False
6495,Consumer,Macau Peninsula,29,False
6496,Consumer,Macau Peninsula,120,True
6497,Consumer,Macau Peninsula,9,False
6498,Consumer,Macau Peninsula,93,True
6499,Consumer,Taipa,14,False
6500,Consumer,Taipa,17,False
